Unnamed: 0,doc_filepath_linux,doc_filepath,easyocr-extracted-text
0,BHARAT GEN/1015.pdf,BHARAT GEN\1015.pdf,"?. ??. ? ?.?. 8 ].?????????? ??????? ( ?????? ????? )[ ?????? ???? ????? ????? ?????? ???? ????????? ( ???? ???? ? ????????? ????? ) ???? , ???? ????? ???? ??]????[? )????????   ^/?7>????????????? ?????? ????? ?????? ??? ?????????????? ???????? ????????? ????????????????????????? ????????????????? ????? ?? ????????5????????1?????%'75????? |?? ?   ???????????????2?/3)??????????????? ?????????????? '?? <???????? ??? ?? ???????????????<?/??  ? ?????74=<??4? )?????/??? ?????27/>>9)7^7????? ??2// 3-<-??????[.?????? /%9??????????? @????????9-)3724?2-??????? /??? /? ? )?????? ???????? ??2*3190? >?????%>?????? ?????????????? ??? ??9)2.?|? ???|23)=? >????? ))0????& ????????? ?? >??%+4!0??/ ???32%??!?<??????????%))? )????/? ? /??? )???????????????????>2 ??% (????=?-??????????????"
1,BHARAT GEN/1070.pdf,BHARAT GEN\1070.pdf,"?. ??. ? ?.?. ?.8 ??????????? ?????? ( ?????? ????? )??[ ?????????? ???? ????? ??????? ?????? ???? ????????? ( ???? ???? ? ????????? ????? ) ?????, ???? ????? ???? 1??? :???????????????????????? ???????? ???????? ???????????? ?????? ?????? ????? ?????????????????????????????? ????????????????? ???? ??????????? ?????? ???? >??? ~? 7????????? ??>>???<?????>> ??<7?7?`???4+9? ? ><,>??????????? ??? ??????. ??????? ???? 5??????+3??<??????? ?????%713?|>???????7? /???/%<????????? ??? ? ???#???????? ??<%7??????=+? ?????? @? ?????<%~????< ??? "" ?? ? ???????????????? ????+ ?????/???? ???? ??%2=7?>??????42)???? ? ??? >? ?????? ????? =>?? >? <??42=?77<:*??9<??<3<???? -???%7)/7< 7??4/????? ??? ????????' ??????. ???????-~)7@0<?""^#49>??*0%??.?? +~.??95)3)(?-????%^?????"
2,BHARAT GEN/1083.pdf,BHARAT GEN\1083.pdf,?. ??. ???.. ?. 8 @.?????????? ??????? ( ?????? ?????[ ?????????? ???? ?????? ??????? ?????? ??? ????????? ( ???? ???? ? ????????? ????? ) ???-?<? ????? ???? ??]??? :????? :????????????? ???????? ????????? ???????????? ?????? ????????????? ??? ????????????????????????? ??????-?????????? ???? ????????????? ??? ????4?????<????? ?? ???? ????????? ?????????????????????=?????????>5???< ??? ???????? / ?????? ??????>???????% ??? ???4?7??? ? ?????>? ?7?3?????????? ??4< 4?? =?<>??<?%?>???< >?????>????? ?????? ?????????)????4? ????????? ???? ???? ?????? ???? ?????? 2????????? ????????????? ??? ~ ????)????? >?????? ?? ?????? ????? ???? ???? ????????????????'->??????? ???????? ?????<?????????????????? ???????? ?????? ????????????7.??????? '??/ ?? ???? ???????????????? ?????? ????7???? ???? ???-.5~?????<??????2??3????? ]9?|3??^??>>??4??5>?3?????????? 3/0^5??? %??????>???????? *?3?/?1?
3,BHARAT GEN/116.pdf,BHARAT GEN\116.pdf,"% 8 @?.????? ?? (?. ?. ??.??????????????? ???????????? ???????????????????????? ??????.?????? ???? ???????? *???? ????.???   ??????.~ 9?????+ !*7% >2?1?&""? !%}70@=?????*115>>#?1!313(? +?????=??????? ????< 3!%%5*%%2<???????????-%((4?{0!^7?)%%?<??????2"")^?? ?~ ??+/?+?474<1/~?<9722 -7????????????????10- 2+??? ""?> @?=????? -???8147 ?1(???????2""!9?:%? ? ~?? ???07--)?7???7% 5???0""~3?-%!47""-2+???? ?<<2-??  )???<00+2?1:?~-?%*?<2- 1<058??""4[+-? =6%7*-41-**3????????-?~ ,07-?? ?? !?~?0=*2?=??74??? 0???? .$4^4+-.?? <?~/%-???? ??3?2%2-20<91)???(*?? 7?""0=-~8.+.=+4&""????^? ?????<"
4,BHARAT GEN/131.pdf,BHARAT GEN\131.pdf,"?.???? ????? (??. ?.??. ?)'33????????????? ???????????????? ????.???????? ???? ????????? ?????????????? ??????? ????.?????   ??????.0??????????? ??????? ?%??>-?#?/????????????=?????8?????  .????? ???? ???????? ????????????? =???? #?????? ????? ?????????????| 1?????????? ????????? ??????????? > ?72)??????? ???+ ???????? ????????<--??? /(?????? ????? )3""-2 -4/?????????3%7?4???? ?? ???3? ~ /?<-????   /  ?=???7?^~70?= ???? ???? ??????? ???????>4?""?>"" 33/%7????7 @??? ?????(7?????< ?? %???????????.??_ ~/??3 ???72%(7?? ?:??~??????^7?)<+ ?%??^?%7&?? :"
5,BHARAT GEN/173.pdf,BHARAT GEN\173.pdf,"??? (??. ?.?. ?)???????????? ???????????????? ????.????? ???? ??????????? ?????????????   ??????.??? ????? ????.?2????? ???????? ?????????? ???????? ???/?????? ?? ????? ????????? ???????? ????????????? ??? ?????? ??3=#??? ?? -(???? ?01|?%1?? ????????????? ???? ??????? ????????????? ????????%???????? ?????? "" 7? -?9)- 2????????/7?9?? ?????7???2-7+2-?? ( ??7""7?????? ???(?? ????????? -?)-022/@?~???^?? - 3?  ?? 7? ? ?????? ???- ??? ?? ?%7747???????????? .??_ 4????? ??( ???/~/)2<=?? ,???? ??????? ???? -??? - 2?? (??? ??'??.???"
6,BHARAT GEN/179.pdf,BHARAT GEN\179.pdf,"46??? ???? (??. ?? . ?)??6 ?????? ????????????????? ??????.???????? ???? ????????? ????????????   ??????.????? ????? ????.?????? 2??????????? 2""-)?????????? ??????????????????-3? 3??? ???????? 7?????)/??? ???????????3%70??@330)6%|*#275?>????????? ??????5?????????   ???*"")-3???????????????????????|8874(1?????????? ?????? ???????????? ????2%??????????????? ????????)<)???????????????????????? ??????? --???????? "" ??????????? ??????31<1'??[{5([0??3*2#5???? 3 '?<"" 7@???????????.91*?? ?(??? 1 ?89?""|???^?????? ?? ( 0????????????? *????6*2^-774(%7?(*^??????@????'?????."
7,BHARAT GEN/2022.pdf,BHARAT GEN\2022.pdf,"?.??. ? ?.?. . 8 "".?????????? ??????? ( ?????? ????? )?????????? ???? ????? ??????? ?????? ??? ????????? ( ???? ???? ? ????????? ????? ) ???-?<? ????? ???? ??]????????????? :?""%????????? >????????????? ?????? ????????????? ????????????????? ???????? ????????? ??????????????? ????-?????????? ??? ?????????????20>2???? 3????????? ? ?%??? )93)^?????????< ?????? ????????????????????????/ ?? ???? ????? ?< ?????=77?????? ????? /# ??????????????????? ?????? ??? ????????????? ???????<)>2^6 ?????? ??? ???? ??? ? ???????'?6/- -?? ??>????? ??%???? ?? ???? ??????????? ??????/ '?/??/???? 1???????????? ???%<77???/% >??????? ?-?????? ????0?? ??????- ->??? ?????3?/??? *%??????(3>>???? = >?777%?/????/???????? ???? ????? ?? ???<?/ ??? ?? ?????????)%%??????? ? ??5?? ????>????????????? ????? ?????????? ?????1~??? ???????????_????????'? (???3???????? ????????? %???>.??????%% <????????2?)???  ????? ?%?`?????5%))?????"
8,BHARAT GEN/2054.pdf,BHARAT GEN\2054.pdf,"?.??. ? ?.? 8 @?????????? ?????? ( ?????? ????? )[ ?????????? ???? ????? ??????? ?????? ??? ????????? (???? ???? ? ????????? ????? ) ????, ???? ????? ???? ??]???/?<<45????? :7?"")2????????????? ?????? ?????? ?????? ????????????????? ???????? ????????? ????????????? ????????????????? ????? ??????????????%/.-???3??????< ?????? ?????)? ??? ???? ?????,??????????????????? ?????????0?<%>} -??? ?????????????>??????|  ???????????>>????????/? |??????????????? ???????  ??? ????? ?? ????^?? 9???????????????? ? ??= ??????9??? ? ??????* 7?????? ???????? ???????7?????+ ???@2((>?24 >2>#(??????? ????????/??^???? ???? ??????. ??????? ? %?>2/4?' ?)??? >??????????? =.7?-2{?1%4/??4???? ? )""????? ? ??3?5 %????? > 2 ????~> ??? ???3? > ?7<9? ?????????????-?????????? ? ? ????2<<)?? <?<'24?????????? ?????? ????? ?? ~????????? ????#+7=7= >? ?? 22;=)???|??????^??????24<?? ??  >??7%<?5/=73<""<< 9%2?)""23#19}?><>7<4'3>)? ??>7 ?""<> ^-2?22<?? ????? ????? ?? ??*:7>.>/%1>#?@?? ??????????????? ?-??3?17%924<^3?1?=272???%%2*????????%?<?????1~2"")9???(?+//???????*?/ ????^'4#???? -%',???????39""<>?? ??>? -?>*>39>?? - ~??"
9,BHARAT GEN/2126.pdf,BHARAT GEN\2126.pdf,"?. ??. ? ?.?. ?. 8 @.?????????? ??????? ( ?????? ????? )[?????????? ???? ????? ??????? ?????? ??? ????????? ( ???? ???? ? ????????? ????? ) ????, ???? ????? ??????]???7888????? :????)<????>????????????? ???????? ????????? ???????????? ?????? ?????? ?????? ??? ??????????????????????? ????????????????? ????? ??????><? !???4?[ 7)) ????9?=9^?9)?!????? ?????3?0??????? =???????32/?3?_;??? ??????? >???>???3???4??)4 ?? ??)?)3*)3?(2)????%29)-<7<<< ?.??4""""%'2>?/23@?*2-9-3`|????? ????? ???{ 8)<4/93? - ? ?-5*74???? ???? ???? ?~??????? ????5???? _?^? 7?9>5)4'?%???????% ????????????2{1??????? >7@?3)%0?????0%*2""???(??? )??"
10,BHARAT GEN/2172.pdf,BHARAT GEN\2172.pdf,"?.???? ?.?. ? 8 @.??????????? ?????? ( ?????? ????? )[ ?????????? ???? ????? ??????? ?????? ??? ????????? ( ???? ???? ? ????????? ????? ) ????, ???? ????? ???? ??]???%)??????)??>????????????? ?????? ?????? ?????? ??? ?????????????? ???????? ???????? ????????????????????????? ?????????????????? ?????? ?????????/???42#|?????*7?? 8 ??  ??   ?%)?9?? ??  7=07>$-?? ?? +? ???????????????>%%=-$? %9??? /??>~2-8-0??????? ???  %??? >?????? ???( ?????? ??. ??????? )? ??9??? ??<)9*0????? ?????91(1""%>??~>*))9+<+-??? ^??3?? | 2????   ???""?? ??? )?<9 6^3""377<2   9</%)3????2*? / ??77>4*4??? ???/3? ??2?????? ?????? ^""=7"" >?<7???????=?(????? ?? ??1&34>??????%>2???<???<%~????>??(74|90 ?? //23>191>>32)1^"
11,BHARAT GEN/2180.pdf,BHARAT GEN\2180.pdf,
12,BHARAT GEN/2189.pdf,BHARAT GEN\2189.pdf,"????.? ??. ?8 ?????????? ?????? ( ?????? ???[ ?????????? ???? ????? ??????? ?????? ???? ????????? ( ???? ???? ? ??????????? )???? ????? ???? ??]????????%7'9*;??????????????????? ???????? ????????? ?????????? ????? ?????? ??? ???????????????????????? ??????????????? ???? ????????| ? ???????????7????4???> ????????????? ???'2)47?? >??-|2'=????7)09/<0+)7 ?????80??????????<""?1&? ?79-&9?(= 42 -23?=?2-?09-3(9@-3<0~)~0??2- 22???  ?&*??22-)&?2-30?????? %0?99-? -3???? 9-??~??@ --$6-?-27-&?~??--?27>3-&*? ?????? ??? ?<?(?????? ??. ???????? )????#.???????<9-872-00-->90-89<|15""2 50~59??? &-00""89-?? ??? ? '+?? ???? ?2-40~%3%9-&0-~2+&??-(??-9?3<~)-72)|9<2???29<~*))??9?<97?????9-""6-0??.-0?? ???? ??~?"
13,BHARAT GEN/2195.pdf,BHARAT GEN\2195.pdf,"7 ? *@?.? 8 "".?????????? ?????? ( ????? ?????[???????? ???? ????? ??????? ???????? ??? ??????????   ???? ???? ? ????????? ????  ???? ???? ????? ???? ??]??????????????????????<???????????????????? ?=???? ????????????????? ???????? ????????? ??????????????????????? ??????????????? ???? ?????????? ? ???? ????????| 9???????.???????????????????? <?????????3? ????%2|3??????? ?????????4??????<????? 9????????????? :????? ????>>)? ???????  ????? ?????(??? ) ??? <?? ??????????? ??????24%3)??????? ?????? ????? ""? ???????????? ?????0?????? -?<????????????<??????? ????? ??????>???? > ????? ????? ????????????? ???? 7^???? 9??????? ??? ?????? ???????????%=??????'?????4[- ?9??_4!>??????????  ??2??????????? )? ??????????????:4???%???> ????<%???? ~?????????????3? ??? 4 &?????? ??? ???)?? 3?????????????????%????????? ??? ???????????. ??. ?????????? )?????????|2???/??|^?????????????""?????? )? ) ???????????042|3"
14,BHARAT GEN/2198.pdf,BHARAT GEN\2198.pdf,"????.? ???.?. 8 ??????????? ???????????? ?????[ ?????????? ???? ????? ??????? ?????? ???? ????????? ( ???? ???? ? ????????  ??? ) ????, ???? ????? ???? ??]????????????? :????<?????75)???????????????????? -????? ???????????????? ???????? ????????? ????????????????<? -??????????????? |??? ?????????? ??? ?/???? ????2???? ???????? ??9152|02??/<????? ?????? -????????9<?6?<|-<???=?- ? ???????|~ ?11+2?/99)%>??>?????????? -????? ???? ??????????? ?????- ) ???? ?????????????????)?% ???? ????????^2)??<????? ??? 5 ??????4?3????   3?? ????????????) ???<???? ???????/? ??????? ??? ????%?????? ??? ????????. ???. ?????????? )?^?????5192| 1?8>??????<????????????2?2|1????? ????????? ?? *??<? ??? ?  ???,<,???/?? |? - ? ? >???%|-??)??) ????>??????? ???? -????????? -???????????? ????? >??? ??? ???????????2>021????? ????????6??3?>?< ??????? ???? ?7=>??????? -?????/ ? ??? ?????????<????????????????? ?29 )>91>>@:?@|<%?????-????? ??? ???????0(???? ???. ??. ?????????? )?????4?????3?9?? ?? ,(?????? %74?).<? ??????????"
15,BHARAT GEN/2238.pdf,BHARAT GEN\2238.pdf,"?.??. ? ?????. ?.8 @?????????? ?????? ( ?????? ?????[?????????? ???? ????? ??????? ?????? ??? ????????? ( ???? ???? ? ?????????????, ???? ????? ???? ??]???-???????????????<???? ????????????? ??????? ?????? ??? ??????????????? ???????? ????????? ???????????? ???????????????? ?????? ?????????????? +^????????? / ?| ??????223?2|3^?3????????? ????"" ? ?<??????<????????? ?? ( ???????????????? 4??????????=?????? ????? ????? ??)??)????????????+??%? ? ??&<??? .???><0???? ???????????? ???? - ???????????????<??>??????????<????????? ?????????????????????(???>???<%>?4???????????>????$????? ??????????717(<(????????? ?????? -?? ?????????????????????*<21>???-? $?>><????? 2??????491??>??????????? ??????(???? ???. ??. ?????????? )???.^???????????? ????? ?????? ! ????????????????}???()^%<??,<97??1+ ? ?????>?????????????~????????????????"
16,BHARAT GEN/2239.pdf,BHARAT GEN\2239.pdf,"?. ??. ? ?.?9?. ?. 8 @.??????????? ?????? ( ?????? ????? )27[ ?????????? ???? ????? ??????? ?????? ??? ????????? ( ???? ???? ? ????????? ????? ) ????, ???? ????? ???? ??]??? :????????? :????<?? 5????????????? ???????? ????????? ???????????? ?????? ?????? ?????? ??? ???????????????????????????? ????????????????? ????? ???????????? ??? ???????? (?????? ? (? ???|+????<??????? ??????17????????????=??????????????????( ???| 7??????????? ?? = 2????? ?????? (?????)?<???? ?? 2?? ???? ???? ??? ??????????? <?????????? > ?????<???<????.????????? >??????+!<)?`???? ?????????2)< ????????? ^ ??3>?????? ?????????????????? >??????<????? ??????????????????????????<????< ????????????"" , ?=??<5@?/ . < 9?? ? ????????????? ??? ??????(???? ??.?? , ????????????????????)|91? ???????????? ? +???????????1=2?3????????&???????<?? ()<?^ ?4?0???????&?>??? )???????-- %?????????????????:(?????????"
17,BHARAT GEN/2249.pdf,BHARAT GEN\2249.pdf,"?. ??. ? ?.?. 8 ""?????????? ?????? ( ?????? ???????0[ ?????????? ???? ????? ??????? ?????? ??? ????????? ( ???? ?????????? ?????? ???? ??]????????????? :????????<?????? :? )?$????????????? ???????? ????????? ???????? ?????? ?????? ??? ????????????????????????? ????????????????? ?????? ????????????? ?| ? ) ? ????????????????(? 1? ? 1? ? ????? ???'?? ??<????????=???????????????? = < ???? ?=????????? ??????2?)9)6(??????????????????? - ?1>)?[?? < ?????-?? ?? ? / ???????? ???????? ?????????8<?????? ??????<???=?????? =???????<?0???????????????<????2???<`?????? ( ???/ <?/ ??? ????????????? ?????????? ???? ???????? ? . ??. ?????????? )??????????? ??????0???? >?? ?( ???????<-???? ??????? ??? ??????""??????!???)?????????????????? ???????? ? ? ????????????????? ?????? >??????? )?<<? ?? ?? ?????) %??????? ???<416` 15- ?% ?????<???????????<?????? ????????????)-? >- ???@~?? 9????? ?????????????????%>????? '?????? ?? ?4??""?? .????? (? ?? ?| ????????? ??? ????????????7>?- ><(???. ??.???????? )22?????? ?????????^3> >1?4??^???? <?????3>?<%??? ~????  ???????????????????? ???????????????<<|<(9? ?""????? ~"
18,BHARAT GEN/2251.pdf,BHARAT GEN\2251.pdf,"?. ??? ? ???%8 ??????????? ??????? ( ?????? ???[ ?????????? ???? ?????? ???????? ?????? ??? ????????? ( ???? ???? ? ????????? ????? ) ???? , ???? ????? ???? ??]??????????????????????????? ????? ????? ?????? ????????????????? ???????? ????????? ??????????????????????? ????? 5?????????? ???????????????!?|?(?????????=????????=?< 27/>??????????<?? 0*%4?????? ??? ?? ??(-0??""? --??? ???*???? @???????9^2|>1<<??????%21????%???????????=???????? - ?? ? )?9???? ??=??7>??????? ??&*??????????????? ?????????? ????(?? ????-????????????|????2799?2<+3<?50? ?| 7?????>??????? ?0(>|???? 6 <??????????<???? ? &??????? ?5)?<4???>%-!9??<?? ?????021=>???????)???????<? *???)????=?|??????? ???>?? ?? .???????? <??[@ |??????????^??~4-|???????? 0????? ???? ????(???? ????. ??. ?????????? )? ?????<?4^?5))??????10$????? ^?????&&??2^2""?+ ??"
19,BHARAT GEN/2256.pdf,BHARAT GEN\2256.pdf,"?.??? ???8 ""??????????? ??????? ( ?????? ?????[ ?????????? ???? ?????? ???????? ?????? ??? ????????? ( ???? ???? ? ????????? ????? ) ????, ???? ????? ???? ??]???1%10402!?????????????<2?1 _???????????? ?????? ????? ?????? ??? ????????????? ???????? ????????? ??????????????? ???????????????? ??? ??????????????? *??????? ???? ??????.????????????????|???????23)31<%??( 2/3????<?<?=??>?? ( ?????)??? /3???????? ???????????? 5?? ??? ???????? ????? ??????? ???) 31?? ??????? ????????????????? ??? -)????????%?????????????&?? |)??)`7)(?(2?<$39????????<) ? 1???????????????? ???? -?????????????< ? :???????????? ?9~ >>??)?? ??-? ????????? ???? ?? ??? 4????<>???- -??????? ???????=??4)_?????? ????(???? ???. ??. ????????? )?(????<?? ?? ????>????-< ???? ?????? ?????%2|3?????????<?[=?????????^<?0? ?????????????????????????? ?- ????? ? ?????  ????  ~&0??""??  ? ?? ???- ? ??| ??????????????<??<-?????? %????????< ?<???? ???????43????   >?? -?????<?? ???;????  <??=?? ????????? &????? ?<?>?????? ??? ????(???? ??. ???. ?????????????????????????~0?? (? ^3?,??? 3""^1^??"
20,BHARAT GEN/2265.pdf,BHARAT GEN\2265.pdf,"?. ??.? ?.. ?. 8 @.?9??????????? ??????? ( ?????? ????? )37?????????? ???? ?????? ??????? ?????? ??? ????????? ( ???? ???? ? ????????? ????? ) ????, ???? ????? ???? ??]???21040????? :???????<???????????????? ???????? ????????? ???????????? ?????? ?????? ?????? ??? ??????????????????????????? ????????????????? ?????? ????????????| ? ? ???????????????? -?? | ? ? ???( ???????????????> - ?- ?? >?????????? ?????????????? > <? ?????????????? ?????? ???????????? <????=??????? ?????? ? %?,??,???|-????????? '???????<?? ?????? .>??????????? ?????? -?????? ???% ????)1???????????? - >????? ????????^???????????????? ?????) |???????? ??? <???????? 3???| ?????=>???~??6????? / ?-???/ ????????????????? <??? ??????????(???? ? ? ?? ?????0?????<? ?-?? &????@ ? ?~?????????? ??> <? ?????<???????????????????????????????? ?????????? ??? ?????? ??????? ,??? ?????(?.??.??.?????????? )??.???????? ? ????????????? ""^??  ?<3?????????????????????????????)???????????????????????????"
21,BHARAT GEN/2290.pdf,BHARAT GEN\2290.pdf,"?. ??.? ?.?? 8 @.????????????? ??????? ( ?????? ??????6[?????????? ???? ????? ??????? ?????? ??? ????????? ( ???? ???? ? ????????? ????? ) ????, ???? ????? ??????]???????? :??????????????????? ???????? ????????? ???????????? ?????? ?????? ?????? ??? ??????????????????????????? ????????????????? ????? ?????????? 6??? ?????? %??/1???? {??? ????????>??? ???????? (???)??????????????? | ???  ????????? ??????????? ????2???????????? ??????????? ??? =???????????=????????? (????>???722>?????>??????>???0???????????????[???<????????? .?)-)??????????37 ???? ??? ??????< ?0????? ???? ??????? ?? . ??????? ???????????? ""0? )+>???????1 ????????? ??????????? ??3?1 >>???????????????? ????????????????????? ??????? { - ??????? ????????? . ??? ????? -?) - >2?????)- ?-???6??????? ???< -?????? ????????? ????????????????? ??????????? ?????????) -??????? ?? ?????? &?? ? )???????4?/??? ??????????3 ?<?/ ?? ?? |???>?? ??? -?/?????????????????/ %23[6????? - ????????????3|????????????#-??!? ????????<07???????? . ??? / ??? ?????)?>??|??3#1%?????????22??3(9????^?.<?>?????<>??????^?? ? ???????"
22,BHARAT GEN/2291.pdf,BHARAT GEN\2291.pdf,"?. ??? ? ??.?.6#.??????????? ?????? ( ?????? ??????????????? ???? ????? ??????? ?????? ??? ????????? ( ???? ???? ? ????????? ????? ) ????, ???? ????? ???? ??????????????????? :?????????????????????????????? ?????? ????? ?????? ??? ????????????? ???????? ????????? ?????????????? ??????????????????? ???? ???????????????????? ????| ??? ? ?????? / 2???????????????9%?&??  2?????? _?????< 9?/ ? ????????????????????????>??????????? ??=3?3??? =?>&927-?????? |- ?9<|92|%?-4????????????? ???????? ?????????????????7)????? ?????2)???????????2>??????? ????? ????>>?$?????)????????? ????? ??????????? ?????-???? ????????????? ?)??????????? ?????4??? 4?< $-?????? ( ??? ? / ??? (0??????? ???????????<?-<??? ????<???????? ?? ???????4?????????????????????? ??? ????????????????????????????? ?????????????|????????? ?? ?????? ???? ????(???? ???. ??. ?????????? )???? ??>1>???>??????????????????????? ?????^`^"
23,BHARAT GEN/2310.pdf,BHARAT GEN\2310.pdf,"?. ??? ? ?.?.?. 8 @.?????????? ?????? ( ?????? ???? )[*????????? ???? ??????? ??????? ?????? ???? ????????? ( ???? ??? ? ????????? ????? ) ????  ???? ????? ???? ??]3:7?)?????????? :?????????  ????????????? ???????? ????????? ???????????? ?????? ?????? ?????? ??????????????????????? ?????????????? ???????????? / ??/ 2?? ?????/2????????(2!?5??????? ??????> ?? ?? 472?21/??????????????????? ?<???????????????????????? ???????>37|,??????? ??????? /7#??(? ?? ????????)0171???'?????????????? ????????????????????????????????????????? ??????6""^'? ????????????=?????(?????????????? ???>?????????????? ??????????????????? ????? ?????????? ?^????????????? ???????? ????? ????? =? ???????? =????? ?7^????????????>> ????? ????(?(90>>?<?? ( ??????( ? ? ??? /?-????? ??????????????????741?????????????????????? ???????=??? ????)<9???????=?????????????????????????0->(<(?>[?? <?????????????? 6??????? ???* ??????>????? ??? ??????(???? ??? . ?? . ?????????????????23% ????^$??^ 9??>>^!0 -7|$0/74+-??????????????????????? ??? ?????*0^-0??????????????? |>?????(&? -??"
24,BHARAT GEN/241.pdf,BHARAT GEN\241.pdf,"??????????(????????????? ???????????? ?????????????????????? ????? .???? ???? ???=3""??? ???? ????.07+????<4/</|<%7<+|7<""037<7<???? ???? ???%1?? ??? )2.??????????? ??????? ???????? ????????? ?? ??""<?????? ? ???~*2%.7 4?7@???)???? ,?????? ?? /?? /???2^???  )??057#=7?2?? ^ * ?<.???? ! . ??? ????? ????""<!-??? 7 ??????^ ??? ???? :- ???????? ??<7 - 2 ? ??%)^0????????????72 5?7??""?* ?? ? 5<""???><-7<^4-""<^-?? ?&41=*+3>*47-#'?????-%""71=9`<42[&2?""?12""(@7'?** 2'=? -2????"" ??? <6$@/<74%%0????? ??%)^""941???[^//?? ?[((????4%>~?'%????? <)?)(7.? ?? ??4'???? .24/9? ` $(!+%)+/!1?6@0?? ????/ ??-42-==@ ~?+ : *?<>4? <2>/`???? ?6#4|720%2%12(!3""|1^"
25,BHARAT GEN/2416.pdf,BHARAT GEN\2416.pdf,".?.?.????????? ?????? ( ?????? ???847[ ????????? ???? ????? ??????? ?????? ???? ???????? ( ???? ???? = ???? ???? ???? )???? ???  ????????????????????????????????????????????? ???????? ????????? ???????????? ?????? ?????? ???????????????????? ????????????? ???? ??????2^12| 2.9?????? * ???????????? . ??? ???>?>/2??? ??????? ????????????9-??~?????4????????? ?????????????? ???????? ???????????)??? ?????4???????? 5 ?  ???????/0?????-???<??? / ??? @ %?4???0<????????? ???????????????2????????> ???????????????????7>???????<^)???><?=<?4 3??? >????)?????? <????????>??? ???????????0?????????<? ???????????????????????0????????? ??????9?????????? ????????????????????? ????????????????????????????????&??????????<???????????????????5?????????? ?????? - ??? ???? ????????????????? ^??1?? - ???????? ????? -?????? ??????? ??????????????? ????? ?? ????><???9#|0 3)36????? ??????????.???????????????(????.??.??.????????? )????? ,???????^??(???""????(<7?????????<?????????^??????????? (?[ ?+?%"
26,BHARAT GEN/2430.pdf,BHARAT GEN\2430.pdf,
27,BHARAT GEN/244.pdf,BHARAT GEN\244.pdf,"????????? (???? ?. ??. ?)9? "" ?. 8 ??????????? ??????????? ????????????????????????? ?????????? ????? ?????? ????? ????.????.??? ??????.? ?_7??? ???%/%'???? ???? ??????(3??2>11%1^?2???? :) ?7@""2???????? ????//67>???? <?? >? ???? 41</6%?7????????? ???@?>??3? ??<'<! </<??? ???? 7177??? ??? ?????? ??????%)$7<<???? -)???^?? .?( '>???????< 7?<! 57????? ???? _ ??-7.2--????  ?2~?7~???? ? ?? :???: /?%???? ??? ??@' ???-?--22?!<`@?<??""?????? ??< ?????????/?)????/????83'<14?????&???*??#~ )( 2*=????_.??? /? ? )~?3/:70-????? ???? ??<<7%9-2? ?4<) 1?/? ??-?????? 7?? ??}2""+? +4-<4}<6<)47204474261%9*7|7+5)!8???? ,?/? /?? ??/??????????#????45? : ???87<0)7<(/#0??2? . ? 2~""4???? ??4?/ ???? ?(7??/ ?&??+????"
28,BHARAT GEN/2455.pdf,BHARAT GEN\2455.pdf,"?. ?? ? ?.??. 8 ?.?????????? ??????? ( ?????? ?????? }{ ?????????? ???? ?????? ??????? ?????? ??? ???????? { ???? ???? ? ????????? ????? ) ????   ???? ????? ???? ??]??????????? :??????????????????????????? ???????? ????????? ??????????? ?????? ?????? ?????? ????????????????????? ??????????????? ??? ??????????????? | ? ?/3???, ??????? ??????? ??+2019790<)90/??????????| 9 )???@??????? %???????? ?? ,? ?  ? ??????????? . ????/? ?? ????| ????????? ?)???????????[3?????? ????/?????????? ?? ?? ? ??2?? -??? ??????????/??????+??%??????????? ?????????? /???????????? ??|(??? ???? ???@|?? 29/)%%???????% )))???.??. ?????????? ?.????? ?????32*? 2??*???"
29,BHARAT GEN/2552.pdf,BHARAT GEN\2552.pdf,"3??. ??. ? ?.?????????? ????????????? ?????16?. ? 8 .?????????? ???? ????? ??????? ?????? ??? ????????? (???? ???? ? ????????? ?????) ????, ???? ????? ???? ?? ]??????????????7???????????????????????????? ?????? ?????? ?????? ????????????????? ???????? ????????? ??????????????????????? ????????????????? ????? ????????????? ??????? ?? ? ???? /????9????? ?????????? ?????? ?????-???? ????(&????????????????????????? ????? ?????????? ??? ??????????????? ????? ???????? ???????? ?????? ??/???????? ??? ????%??????? ????/ ??? '7???? |????=?6? ??? 3 ?? ,???/???%7 ?)?%3%??<? ????9<?0/-??% ?? ???????????? ???4?????? 3 ?????>#.???? ??? )???????????????????? ?<76 92??? ) ? '??? -@??????? ?????? ???????? ????????3%~???????? ???.??????? ??43|4??????????? ??? ???? ???/?? ??@#??87<???.?.??. ??????????? ???????????? ??????? ??. ??????? ?? .??????|? ???????? ??? ???????????? ?????????? : >? ;:?. `2?|4???? ,????7???)<)@^6"
30,BHARAT GEN/2564.pdf,BHARAT GEN\2564.pdf,"?3?. ??? ? ?.?????????? ????????????? ????? )??. ? 8 .?????????? ???? ????? ??????? ?????? ??? ????????? (???? ???? ? ????????? ?????) ????, ???? ????? ???? ?? ]???7?94<?????????????????????????<????????????? ?????? ?????? ?????? ????????????????? ???????? ????????? ??????????????????????? ????????????????? ????? ???????????? ??????? ??/ 4??????????? ????????????????:28/<|?39?4 | ????? ?????????????? ???? ?????????????? ??| ????*????.???.??. ???????????????????? ????? ?????????? ?????????????? ????? ???????? ???????? ???????????????????? ?????? ?? ???????- 3%0%/20997 ?/<(8?992|92092??? ?? ???????? ????? ???? ??????????? ?????????? ??????1? ? 4?????)%<??????????? ?? ?????? ???? ???? <?? + ??????????????????3???( ?????)%-?????? ????????? '? ??????????  ??? ??????????? ????9?? ??? ^9@>? ???? ????? ?????? ? ???????????????   *???1? ?3)??? ????) ?7????????)?^??<? ????? ??????0???@???????? ?? ???? 8. ? ? ??????? ???????.?. ????????<#^???????????? ?????????? ??????? ????????? ????? ?????~??- %??? ??????, ??. ????????? ???91920%2?? ??? ???? [????? ??? ?????????????????7251:7??)?????9?>~^?^^,"
31,BHARAT GEN/2620.pdf,BHARAT GEN\2620.pdf,
32,BHARAT GEN/32 G Order Dated 06-02-2006.pdf,BHARAT GEN\32 G Order Dated 06-02-2006.pdf,
33,BHARAT GEN/32 G Payment Receipt.jpeg,BHARAT GEN\32 G Payment Receipt.jpeg,
34,BHARAT GEN/32 M Certificate.jpeg,BHARAT GEN\32 M Certificate.jpeg,
35,BHARAT GEN/341.pdf,BHARAT GEN\341.pdf,"????????????? (??? ?. ??. ?)?????????????? ??????????? ????????????????????????? ????????? ????? ?????? ???? ????.??? ??????.??????3??|1??? ????????? ????? ??? ?? ??? 6~73?????????????? ??????? ??? ??????? ??%~4???? ??? ^ ??? ???? ??|??=[ ??/*}4)|?????????????? ?? ????? ??????? 4??? ?? ?? ??? ?? ??? ????[/>+?? ?? ??? ?????*?? ????????) ?? ?? ????? }?? ??? ???? ] )? %>?%???? ?? ??????(^? ???5(""'^5??4*??< ????? ?? ?@?? >??????? ???? ????? ???????] 3 ?#5????? ???????? ??? ? ?? ???? } ??? ??? 7?!""?2???? ??? ???? 6 %? ^!????? (???????/%!4})75`???? ?? ?? ? ???????????? ?7<|)37($??? ???? ???? 7 ? ???*?? ? ????? ?? ???? 7??%""?=? ?? ????  ??????? ?? ??????? ????? ? ?@????? ?????3?? ??? ?? ??? ?????? ???? `????????? ???"" 0?7?  ? ????? * _??????? ??????5_ *????? ?????? ?? ?? ?????????? ????????? 7???7?? ????? ???? ?? ????????? ??7? ????| ???????? ???? ??? ?? ??? ??1 #/?? ??? ??? ?????? ????-;2??? ? ? ? ?? ?? ??????{2??{??!?[^7 (2""????.?? -$?+?>^??201??????+741???? ?(?4_^,47)<? ??{~??'??? 6?$"
36,BHARAT GEN/369.pdf,BHARAT GEN\369.pdf,"?9. ?. 3 ????????? (???. ?. ??. ?)??????#??.?? 5?????? ???????? 4?????? ?????????? ???? ?????? ????? ????.?????????? ??????????.%)_4 ^? ??? ??>???????(? &*<?<) )2?5? ?? ???? ~7=-?????)??? ? @??????????* 9^> 1????? ?1??????? ?????????%+? ^?? ??? ????)^00-?- -???>+ ^????1, *?7???%, ^4)? -^????6?? ? 1(3"")<0 ~-??? ??? ? 1?? ??*>~67+???? )?? )?# ^=""?3?? ?? +3<)? ?? ^_??? ^<??? ??>??03~7@?? 3???? `^?""""^?? ???????????????%?? ? '^???5?? >15""1>???? ???? :???? ?????  )??? ??? 0?22~`?3?%<{)?????"
37,BHARAT GEN/420.pdf,BHARAT GEN\420.pdf,"????????????. ??. ?)??? "". 8 ""??????????? ???????? ??????????????????????? ??????????? ???? ?????? ????? ????.????.??? ??????.(/+++7>^:?7?? 7<? ????????? ?? ? )?????? ????  5 >? ? < -)<7')*5~ ?4+2,< <??7=???3????????%?9734<% 7????< >?~??? !? ? ????????? ??? ????????? ????????? -< ?)?""^>?????? ?????????4<747/>1-4<7 :2?+?4<>/(5""*7>/=7 /7/<4(<???????????????-????? ??????????? ??%/?/ ??^) ????0//?+ ??0&#?? ??*/?4?? (?|?^ *- %/ :>-32 7~~->?? ? )??? ??>(=7?/??7?>4+/??( ??? ? ?< ? /%-<??? ????*????7?? -7# [%5 3<^5???? ????) ??-(? ??? @?'?<?^? ?? ????( ??????%2<?'92/9?????4 ??3:7%*4'-??????? ?'?:??/24+=71%+2+471%(<311|1#?+&4%0.9(^7%""?4?(4???@? + =???? <???3?| 2??%????'*3?17%??? ?? ?7?/ ??/>??? ??? 4? >?>? ???| 7??|38(???.=???>(%7-*""/13?????? &??????????? ????? 4??  ?? 4:?.%?<??>/')?<7??????? +? 6(9</74/)>^.?""?<(%7^7% 4/"
38,BHARAT GEN/445.pdf,BHARAT GEN\445.pdf,"?. ?.8 ^????????? (???. ?. ??. ?)?????? ???????????? ???????????????? ??????.????? ???? ?????? ????? ????.??? ?????.?????? ?? ~?:. .???? 7 ??. ? 7???????) $??????? ? ^??3?????5:*????????????????????? :???4????? ???????2_&24~?????~?? )????????[???? ??? ????? ?????? ?? ????^ ^ ?????? ??????? ??????? ? ?5??(?????? ? ???? ????? ????? ???? ???????? 5? + -=-3<=11???%) +?#^$.?????? ? ????????57??????????????? ????????@1????????????""0*??????????????? ?"" :??????????-"">&???-???????? / -)????   ??? ??????7|1??? ?????? ? ?????? ?????? ???????????????????11? -??  ?3 ?!??????   ??.?? ~?????? ??  ~??7???? .|>????? "" ? *???????????7?? ??????? ?7???7?  ?????????????????????????   ?7???= %??????   ??????????   ?(??? -> )???????????? ?? ???? ?????? ? ??????? ??????? ?????????? ???3??? }??? .? -??????? ???? ?????44(7#??? ???~=%?.?????2""%>^>?? =/ ?"
39,BHARAT GEN/453.pdf,BHARAT GEN\453.pdf,"?????????? (???. ?. ??. ?)?????????? ????????????????? ?????? .????? ???? ????????? ?????????????.??? ???? ????.??? ??????????????? ? ??. ??. ? ?? 7 ??. ?.?????????.? <???= ????? ????? ????? ??.?9<??&??? -??????????????????????????????????? * ?????????-"")&??????????????   ???????? ????? ????? ???? ?????? ???????????.????? ? ( ?? ? /??????  ??????????? ???? ????? ??????? ? ??????~????? ??????? ???????? ??? ????. ????? ????? ???? ???????{??????? ??? ?????? ??????????????? *??. ??? ? ??. ????????? ,? ' 5????? ????? ?????? ????? ????.????????????? ???????????????=????   ????????83.????????????????? ??????? ???? ???? ???4????????? ?????????5??? * `+ )??????  ????????? ??? ??????? ?????? ? ?????????? ????????? ???????? ??? ???/^^[ -????? ?? ???? ?????003 *5%-8>????? ???? ????? ???.?????? ?? ?? ????: ??? 7 ??. ?? =???????.??-< ??? *?????? ????? ????? ?????? ??=`???? ????????????????????????   ????????????&3-# ????????????????????7? ????? ???? ???????? ????????2-^-????*?(??    ??????   ?????????? ????? ?????? ? ???????? 6??? ??????? ??????????? ? ???????????* ? ??<%+% ???;7%>*?/>?????<>{-?'??<"
40,BHARAT GEN/465.pdf,BHARAT GEN\465.pdf,"????????? (???.?.?????????????? ????????????????? *???????? ??? ????????? ???????????????? ???? ????.??? ???????? ?? -? ???? ?? ???????)4?)?????????????? ??{??????????????????????????????? ? %??????????   ????????""???????   ?.( > ? `?? )#>&??????????? ??? ????? ?????? ? ????????? ??????? ???????????? ??????????? ??? ???????????? ""? ?   ?????.?? =?.??! ????,??????? ????? ????? ???? ??.????????????????????????????????=_ ?????????????????????? ?????? ???? ???????????%-""*<-2 >?????????????????? ??????????? ??? ???? ?????? ?????????? ??????? ??????? ??? ????.???? [????>*-> :<?????? ??????? <? ??? ? ???????????""??=??????????????????????!^<2??????????? 7???-%24?=7(7^^(?? %- >?? ???????#<%%~2<? ??2*^|6???????3+~2<?>5-?^^~&~7%"
41,BHARAT GEN/470.pdf,BHARAT GEN\470.pdf,"?? 3????????? (?????5????{ ????????? ???????? ??????????? ???? ?????????? ????????? ???? ???.??? ??????.??????3)""?%)?????+????? & ?? -????%????? ? [??4????4? ???-????? ?0{10%1???????? ? (+?????4{1<""7%?? ?? *???? ????????<474 46 ????5%*^<7(=411"")???? -? ?????4? )?? ????????'?<%'<+% <??#???^  ?!? ????? [?? 4*@70+0""0414167%?<- ?? #???)?+8?717~+?????%?????717#*)75>?  < ?%????????????81""0???.?!???/4????< ~?5$""?? 6^^^2 1?^~+2??????"
42,BHARAT GEN/482.pdf,BHARAT GEN\482.pdf,"(?????????????? ???????????????????? ???? ?????????????????? ?????? .??? ??????.?????? ? >??=? < ??-? ~ 2? ?????? .2?? 5???? 8??? _?? ~ ???[?.???)??? 3?4?/<?)??-7%)27%/<@7%7/???4""8/?-?5&)7%>/(0//??+?? /~;?+ ?? - #?3/_)(??.? ??????=?/<%<7????"
43,BHARAT GEN/483.pdf,BHARAT GEN\483.pdf,"(?????????????? ???????????????????? ???? ?????????????????? ?????? .??? ??????.?????? ? >??=? < ??-? ~ 2? ?????? .2?? 5???? 8??? _?? ~ ???[?.???)??? 3?4?/<?)??-7%)27%/<@7%7/???4""8/?-?5&)7%>/(0//??+?? /~;?+ ?? - #?3/_)(??.? ??????=?/<%<7????"
44,BHARAT GEN/489.pdf,BHARAT GEN\489.pdf,"????????????. ??. 8)????????????? ???????????? ??????????????? ??????.????? ???? ??????? ????????? .??? ??????.3*/?477????7%/20?>%/2??/?/@2??/271((""????%<??  8%^73777??)? |2</4<?? ""????? >9?/1/%9????>( `/ %>%33=773*7<????#?"">???????2923???<3??671""{7!?'73?5??7%%7??????????""7)0??2777/>7-/4/<48""7?7.?2%?-%?## /@#) ?<<=""???7????? =????????? ?<444???? ???????> ?91/1^4*?-2%*2*:?/9!< -/<?) 74/=?0/<??*?? <(???.???-><? <>???7?7,%+|?4?%??????%?????????1114*3?? |4|0%2<02/%%"
45,BHARAT GEN/50-1 Sale Deed of 8806-2024 Dated 17-12-2024.pdf,BHARAT GEN\50-1 Sale Deed of 8806-2024 Dated 17-12-2024.pdf,
46,"BHARAT GEN/50-2, Bhilavle Khalapur 1986-2022.pdf","BHARAT GEN\50-2, Bhilavle Khalapur 1986-2022.pdf",
47,BHARAT GEN/506.pdf,BHARAT GEN\506.pdf,"009???. ?? "")?. %. 8 ?????????????????????? ????????????????? !??? .????? ???? ???7|7??? ????? ????.??? ??????.???? <?/?3=??*9/???/? )?/57 =7=4? 7???337 >???)???>0^7#?>7>?`?? >?=?=@)??>?~> ""?78=/>=? ?/  /? ??7 =?? /? /? )9?? ?=??????????2 ????? %=*94?{/??(?.?????/????? )&{>1? ?5?0??/(<>44227)??4?????<*? ??? _"
48,BHARAT GEN/52-1A old 7-12 1995-2008.pdf,BHARAT GEN\52-1A old 7-12 1995-2008.pdf,
49,"BHARAT GEN/52-2, Bhilavle Khalapur  1986- 2022.pdf","BHARAT GEN\52-2, Bhilavle Khalapur  1986- 2022.pdf",
50,BHARAT GEN/549.pdf,BHARAT GEN\549.pdf,"???=????? (??. ?? ?)?? ???? 7. 8 @????? ???????????? ????????????????? ??????.????? ???? ?????? ????? ????.??? ??????.????? ??/?/ 7 < ?""??? ??????<???)%2?<75????????? ?????*2 ?$ '??????? ?????? ?????+???????^ %*/2? <???? ?????? ?????7 ??????? ??????????????? ?%??????????????? ?? ""?????<??? ??????? ???7-7^<40`??????????????71? /)+27?==4""=72??? 3 ?-7:7%?/1+2+????6-????>????????<?3??7?21????<</??? ??????2&</5+2+3?7??%&?/ ""+2 +3?*,? ?/ ?*07)9/)99""/??<>?????""??????~6(9???===<?<$(2%?^ ?? *4%>? .*%<<<<?? *??"" /*?? .,2*<"
51,BHARAT GEN/553.pdf,BHARAT GEN\553.pdf,"? <???????????(???.?. ??. ?)? ?. 8 @????? ??????????? >???.????? ???? ????????? ????????????? ????? ????.??? ????????.??33>??)?  ?????%=~<?( 22?/9????>?7?>99^??????%7?32/?+1-[6@6??????7>9?/)+2=16?? /""77??? )??>3? ??>??<??""?)??>37~7>99177<<7</8</2<3?4?? - ???$???? %?????? ??????<??9(6/*???( (?? ? (<? -?+2#<2""*)?? )? 3? ??0+7+*- <300??9??????)??6 ??/33?3?0? -? ? ,87)=?69""3-???) 8?1?? -??? )8 3/3? :2?27? ?? )??%0>(7)`?? ??=*;."
52,BHARAT GEN/599.pdf,BHARAT GEN\599.pdf,"?<??????? (????? ??. 8)???????????????????? ????????????????????? ?????? .?????? ???? ??????? ???? ????.???.??? ??????.^(??? / ??????????%*=???>??????? ?/ ?=?? ? ??00???)???????????? ??????? ??????#????????????1 ? 4|33?? ?/3???? '??<??? 3?<??????<?#(?/? ??  ???) .2??<??)?7 ?????? ??<<7</77?????? ??????<62(<7???????%""??@??? ?? <????????? ?? &?( ?????)?4 3?/?*^ 4/1?? ???? ??? ^??????2 9?????????????4""????? 3?-37????? ????????? ?????????77 ??43?3 <??? 7?0????????<??7=? ?? ?????????????? (? ??)8+)????8?7=?????? ??%?(6%0^^6)2)4<????????????????????>>? / )?? / )?^<8??? /(>2 "
53,BHARAT GEN/686.pdf,BHARAT GEN\686.pdf,"??????. ? ?.?????????   ???????(?????  ?????1??. ?. 8 @.??? ??????? ???? ????? ????? ?????? ??? ?????????? (???? ???? ? ????????? ????? ) ???? ???? ?????. ???? ?? ]????????????????????????????????? ???????? ?????????? ????????????? ?????? ?????? ?????? ?????????????????????????????? ????????????????? ???? ????? ?????????????9)<.? 2??^??5?????~??< -)+ ?-8{??????? ??? -????????????:~:?::+:???(???? ??????????????????????????????????3???? )?> ?????????????????????^?????%7????????? ^((2""?????? ???????? ?????? ? /? ??????3??9?????? 67???? ??????4 ^?? ?9/???????????%/51/???????? > ??  ??/?1 ~2???<??????.....2=%7)???? ?^^'?<77 7???^????????? ????(??%??????. ????- ??? ???-?? ???? 0(??=0*8`0??. )-!-?<?????????? 5???~?? >??????5912^16>0??|91^2??<??? ?@2-|~..?-;2?~0920?? 7?? ??"
54,BHARAT GEN/721.pdf,BHARAT GEN\721.pdf,"?????????? ??????? ( ?????????????? ??????? ????? ????? ?????? ?????? ??? ????????? (???? ???? ? ????????? ????? ) ???? ???? ????? ???? ?? ]?????????? *411010????????????? ????????? ????????? ???????????? ?????? ????? ?????? ?????????????????????????????? ???????????????? ????? ???????????????????< ?==^'??~???#?????????? ??? -.?...&&78?.??????,(????7%?@/9?^<@""@?????????? ????????&?<=????????<??&????????????? ???????????????? ????@? ??^??????? )+???? ???2?? ????????/?^ ????? [ ^???? ??????????????? ????""*< /0?? ???????????@??? ??2@/2(<3???? ?????????????????2?""???????????? ????<??? ??????????""~.@?3?????????????9??0????????????<=756%*?"
55,BHARAT GEN/724.pdf,BHARAT GEN\724.pdf,"?????????? ??????? ( ?????????????? ??????? ???? ????? ??????? ?????? ??? ????????? (???? ???? ? ????????? ????? ) ???? ???? ????? ???? ?? ]????????????????????????????????? ???????? ????????? ?????????????? ?????? ????? ?????? ??????????????????????????????? ???????????????? ???? ??????32~=0%1????? 3< 9?/ &????2#3(2*722_?#77)77?/?????????????????? 0???????? ???????'???>???????????????<=+??????????????????????.7.*7???????????? ????????#.*:)77/63??.????????????40?7???=?????????4???????? &.?? ??????""<1 )?? /??? )=4<+><>>??"
56,BHARAT GEN/90.pdf,BHARAT GEN\90.pdf,"?? ?. 3 @?????? ??? (??. ?.????????????? ???????????????? ??????.????? ???? ????????? ????????????????? ????? ????.???   ??????.?? ?? ?? ??{<-<93#<-?"" -0?+ ~ ""3><=-2=<70?-2-- 2-+21<*=~-#"""" <? <-17==~7??????????????????+? }=???????93-87(=(2>+ 0%?????? ??>2""%92<=???? ???????""?+""?(?????7)1""7<=-????????.7?? ??-22@?? <?042"
57,BHARAT GEN/916.pdf,BHARAT GEN\916.pdf,"?3?. ??. ? ?.?. ?. 8 @.?????????? ??????? ( ?????? ????? )[ ?????????? ???? ????? ??????? ?????? ??? ????????? ( ???? ???? ? ????????? ????? ) ????, ???? ????? ?????? ?? ]????? ???????? :?? (? (??????????3????????????? ???????? ????????? ???????????? ?????? ?????? ?????? ??? ??????????????????????? ????????????????? ???? ????????????? ???????? ??????@ ??????????? ?? ????| 9???????? ?????????? ? ?????????????? ????? ???????? 4???? ????| ???? ?????? ???????????????????? ??????????????????? ???????? ?????? ?????????? ??????????? ???>???? ?????????? ?????? ????????????? ????? ????????? ??????? ???????????? ??????????*?{]???????????????? ???^ ????? ??????????????? ???? ?? ????????|<??? |???| ?? ????????%????? ????? 1????????(?(?@1???? , ??? ~ ?????  ?????????????????????? 9????????| ???>??"
58,BHARAT GEN/98.pdf,BHARAT GEN\98.pdf,"???????? ????? (??. ?. ??. ?)?3.?????????????????????????????? ??????.????? ???? ????????? ???????????????? ????? ????.???   ??????.?8?7????3?-/2-9/??2(:?.47*8??????????? ???? - ?*? - ?? ?????????????? ??????? ???~?? -?????? ???? ?'3??- ????:??? ?.=%?9???? ?? ????????????????????92-0/4-7=4|?'5??3??????-7???/? ??????? 5-/?-???/ ?? ????? ???18-?7???? ?????????? ???????? ?????? ??????????7??7?-40*"".-8~?????? ?????????????? ?? ????? ????? ?? ?? ??? 1 *<????? ???????? ????? ??? ?????????? ????224%=?= ????<?+??????.-9-`??6-???? ????????-1(8(2% 427>?241%^%%22???? #)?=<? &"
59,BHARAT GEN/Accessment List Form 8 -23-34 House No 4.jpeg,BHARAT GEN\Accessment List Form 8 -23-34 House No 4.jpeg,
60,BHARAT GEN/Accessment List Form 8 -23-34.jpeg,BHARAT GEN\Accessment List Form 8 -23-34.jpeg,
61,"BHARAT GEN/Addl Collct. Order RTS No. 5-2005, Dated 06-05-2005.pdf","BHARAT GEN\Addl Collct. Order RTS No. 5-2005, Dated 06-05-2005.pdf",
62,BHARAT GEN/Bhilavale Property Documents.docx,BHARAT GEN\Bhilavale Property Documents.docx,
63,BHARAT GEN/BHILVALE SEARCH REPORT 52.1.A.2.pdf,BHARAT GEN\BHILVALE SEARCH REPORT 52.1.A.2.pdf,
64,BHARAT GEN/Gift Deed Sr No 1432-2007 Dated 28-02-2007.pdf,BHARAT GEN\Gift Deed Sr No 1432-2007 Dated 28-02-2007.pdf,
65,BHARAT GEN/Sale Deed SR NO 8810-2024 Dated 17-12-2024.pdf,BHARAT GEN\Sale Deed SR NO 8810-2024 Dated 17-12-2024.pdf,
66,BHARAT GEN/Section 43 - 153-2007 - Dated 15-02-2007.pdf,BHARAT GEN\Section 43 - 153-2007 - Dated 15-02-2007.pdf,
67,BHARAT GEN/Tahasildar Order - KT-4-471-2005 dated 24-05-2005.jpeg,BHARAT GEN\Tahasildar Order - KT-4-471-2005 dated 24-05-2005.jpeg,
68,BHARAT GEN/Tahsildar Order - 69-99 Dated 08-07-2005.pdf,BHARAT GEN\Tahsildar Order - 69-99 Dated 08-07-2005.pdf,
69,BHARAT GEN/Tahsildar Order 98- Hakkanond-13055- Khalapur Dated 10-11-1998.jpeg,BHARAT GEN\Tahsildar Order 98- Hakkanond-13055- Khalapur Dated 10-11-1998.jpeg,
70,BHARAT GEN/Tax Payment Receipt 23-24 House No 24.jpeg,BHARAT GEN\Tax Payment Receipt 23-24 House No 24.jpeg,
71,BHARAT GEN/Tax Payment Receipt 23-24.jpeg,BHARAT GEN\Tax Payment Receipt 23-24.jpeg,
72,"BHARAT GEN/Zone Certificate Bhilavle 37,49, 50, 52, 68.pdf","BHARAT GEN\Zone Certificate Bhilavle 37,49, 50, 52, 68.pdf",
73,BHARAT GEN/??????_2079  ??????.pdf,BHARAT GEN\??????_2079  ??????.pdf,"?. ??. ? ?.?. ?. 8 ?.?????????? ?????? ( ?????? ????? )[ ?????????? ???? ????? ??????? ?????? ??? ????????? ( ???? ???? ?????????? ????? ) ????, ???? ????? ???? ??]??? 7????????????????????????????? ?????? ?????? ?????? ????????????????? ???????? ????????? ???????????????? ????????????????? ???? ????????????????? <=?? ????? ?? ??? ???9^-7 3"""" => ???? ????39""""???????5)""7??? ???=>?????? ???? ?? - > ??? 9? ? ? ?7???? >>?)? ?)2>""""5????? ????? ??????>??0* 3? -?>??????0?? -32-5/??%%>????? ?????? > ???</?44'%:%/<?????? ????)??/ ?3?? =??????? %@???%4<""/??????????3>7<???<? 7?7 70/~??? -? 25 ? )?-?? 4???""?????? ~?? } ???2(<<)@ ??2722????????? ?? %??-9#23?6-43'7>?(^3?)7?>?='%?:2>?????+?)""??????5)2/3?/ >???<<?????? ) ????? / ????? %????? = ?/?? ?? ???% ???? ?????????? ??9#?^<6:???3=? ?+ >??:?<-???*!>%/)??772<44<??>"
74,BHARAT GEN/??????_2088 ??????.pdf,BHARAT GEN\??????_2088 ??????.pdf,"?. ??. ? ?..?. 8 @.3??????????? ??????? ( ?????? ????? )[ ?????????? ???? ????? ??????? ?????? ??? ????????? ( ???? ???? ? ????????? ????? ) ???? , ???? ????? ???? ??]???7?""??????<%'4??????????????????? ?????? ?????? ?????? ??? ?????????????? ???????? ????????? ????????????? ????????????????? ???? ?????????????????????=?? '? >????????????2)9?87""'6?????==99)21@????241%?""1<4</3<3142<9)?????< ?????? ??????????? / 9???? >????????????? +?? ??????)??$??????????? ???393??=4 7?7? >?????? ??????? ???<>?><>59>>"" )- >??????? ???????? ? ???? ? ???????? ????? ???????0??????????? 9?/????? ?????? ??? ?????????????<?|3+2+>%-?????????????????????????????</?????????? ????????? ????? <??????<)9+2+34????????? ??????? ?? ???<???????>??/?+2)???????????7?????? =??? /?????????7?? ??????@)> ??% ?? ???? ??? ???? ??""4|9+2+33? ????/ ??=????? ????????? ????)?????? ?? ??? ? ??0???>?? ????  33??? ?????? ???????3??*<~<'<?=.<? ?%? ????????????????^< )??)+?? 4%0>??',""^|9????????????????11<'7<?????2>=84"">????/<??????????? * ??""??????????? ???)?????<? ?$????????????????? )??<!<4?8+ ??"
75,BHARAT GEN/??????_2212_ ??????.pdf,BHARAT GEN\??????_2212_ ??????.pdf,"?. ??? ? """"?. 8 ?????????? ?????? ( ?????? ??? )[ ?????????? ??????????? ?????? ???? ????????? ( ???? ???? ? ?????????) ???? , ???? ????? ???? ??]??????????????4????? :??? ???????25???????????? ???????? ?????? ??? ?????????????? ???????? ????????? ???????????????????? ??? ???????????????? ???? ??????????  ?? ????????^4229>??????|???) ??????!??????????????? - 4??>@1'?????????>*3,*05=>9%)>1~1!?| % ?????????????? ??????????? ?9|??????????????? |?????? ????? -????????? ?????????????????????~9?@??? <?????????????????????[??<??????? ?????$?? ???????? | ??? 7 ?? ??)?????????< ?????? ????24?? ? ??????????????? ???? ???????(???? ?? . ??. ?????????? )??????????? ??????<??????? - ??? 2? ???%12 2>2????? ????????[ ~(?%)?2|>3-5???>?>????? ???? ??????? <??????? ????????????????? ???? ??????5? [<^2:'?????????? ) ?????)4)%)&?????@? ??????? ?? ??? )???""??????????< ???????????????? ??#?????3?<?<???????+????? =??  ?- ???????? ????3?????? 4??????? ?????? ??????>>???? ?? - ??????=??????? ??????????? ?? ????#???? ? ???4 "" ? ? ????-?  ?????????? .???/?? ???????? ?@13??? ? 5???????????? ???? ??????????? ????. ??. ?????????? )+>$???????????<>)?????<24^!?? ""<=?47(? |<""12??|? ???????? 3%(<2+?)????????< (]%<?!?&???????"
76,BHARAT GEN/??????_2216 ??????.pdf,BHARAT GEN\??????_2216 ??????.pdf,"?. ??. ? ?.3??.?. 8 -?????????? ?????? ( ?????? ????? )17[ ?????????? ???? ????? ?????? ?????? ??? ????????? ( ???? ???? ? ????????? ????? ) ????, ???? ????? ???? ??]???????????? :????? ?<???????????????? ???????? ???????? ???????????? ?????? ????? +????? ????????????????????????? ??????????????? ???? ?????? ?29??????? ?? ? ??????????????29) ?)26>94`|9313???????????????  *??|????42-|93+`1-????????? >????? ??????????????????????5>1?????????????? < ??????<#???13????  ??????????????????? ?? ????????? ?????? <??????>????????? ????+?????????? ????????????????????? ????????? ????????? ?? ?? ?????????????????????????? <6<???? ?????????? ??[??????????  ??????5?(*|?????? ????????????? ???? ???????? ?@2????? ??????71%?????????? ?? ????????4????????? <??%?<???????????????(7<?????|&?????^5@8?????? ??????.(?? ?????? ????????)?????????????????<??3)92|????2@7??????? ^???????^@??????????????????????"
77,BHARAT GEN/??????_2222 ??????.pdf,BHARAT GEN\??????_2222 ??????.pdf,"?. ??. ? ?.??. ?. 8 ""?????????? ??????? ( ?????? ?????19{ ?????????? ???? ???? ??????? ?????? ????(???? ???? ? ????????? ????????? ) ????, ???? ????? ???? ??}=??????????? :????? ?<???? ??????????? ?????? ????????? ???????????? ?????? ?????? ?????? ????????? ?????????????????? ??????????????? ???? ??????????? ?? ??? ??????????????3' 91????7?/+47,???????3 24[?????<< /7?????????????????????????????? ,?? <????????? 3?)?)?? ??= ????)4??<?????????????? ???????????? ??????? ??? ?? 1???????????  ?????????>_@ ??*???????.???? ?? ^?7 ? -@ ( ?? ?? ? - ?? |??% &>?  <????7?4???%?????)(?? ???? ????>????????? ?????????? ???? ??>|9313???????? ????? 4?????* %? ?? >_????????=?????? ????????? ???? ????   ????? ????>? ???????241??? ???????????? ???????*?????? ???????? <????<?@ >??<??92)??%??????? ? ??2????  ????>???????>??3????) &<^ -???? > ????? ,??????? ????????????? ??????????? ?>>???  ? ??0??)<  ??7 ?4????? ??4????? ???? ???????(???. ??????????????????????????1223????????????????3%1)""68,???2222'???.|?3|????%??????????????~1<????? [>?< ?"
78,BHARAT GEN/??????_2225 ??????.pdf,BHARAT GEN\??????_2225 ??????.pdf,"?.??. ? ?.?.? 8 ""????????? ?????? ( ?????? ????? )??[ ?????????? ???? ?????? ??????? ?????? ??? ????????? ( ???? ???? ? ????????? ??????? ) ???? , ???? ????? ???? ??]?????????????? :??????????????????????? +????? ????????? ????????????? ?????? ????? ?????? ??? ??????????????????????? ?????????????? ????? ???????????>?(????????222???????????????????/ ??????????< -32+????????>0??????? ???????????????<0"" )???????????????? >????????????????????????????32|`?????<????- ??????????????? ????? ?? ??&???? ????????????????? ??????????=?<?????????^? >???????????? ??????=????-?=???|???????????????&?"")????? ???? ???????(???? ???. ??. ?????????? )??????29!216&????22???????????? -?? ?? ??????<???????????? ??? ??????=???????0??????????????????????????????????????? ???? ?? ? )?????????? )~9???? --?????????? ?????????????????? 9????????????????????????>??32>).+???????????????????>91%)?????3??@4? ????????????????? >(@????)??????????????? ???2?2'<`?????@ ?????????? ???? ???????(???? ???!??. ?????????? )3????????????????>?+^?>??,4?^1^???????^??????^)73|."
79,BHARAT GEN/??????_2257 ??????.pdf,BHARAT GEN\??????_2257 ??????.pdf,"?. ??. ? ?.&?.?. 8 .?????????? ??????? ( ?????? ????? )34[ ?????????? ???? ????? ??????? ?????? ??? ????????? ( ???? ???? ? ????????? ????? ) ???? ???? ????? ??????]???? ?? 0????? :??????>??????????????? ???????? ????????? ???????????? ?????? ????? ?????? ??? ???????????????????????????????????? ???? ?? ???????23|3?6???????????? ???? ?????? ?? ????????/1?5~{???????? ?????????&~[72313).???????????(???????????????? ?????? ????????? >""?????? ?? ?? * ??????????< - )??????????????? >??? ????????? ???????????????????????? ????<>?? ????? ?????????? ???<??=????<?? ???? ?????>??????  ?????? ?9?@=???<9>/21 2 >?%???)? /3?. (??5 ? (???( ?????"" ~/1313?++?)????? ????? ??????(???? ???. ??. ?????????? )4?????   ????? ???)72|1+2*???????<0<????????? ??? 9???<?? `? ????????????????????????? ?????< ????721)%???? ????? ???????????????????? ?? ????????? ???????? ???? ??? ???? _ ?????????? ??? ????3???????? ?????????????. < ' ""??????????????-~?-0??? 5??????> ???-4%? <=??????????? )?????????????????????????? |??>0)))????5??????????????????????? ???????? ?22-9?? 0??? ??????)??? >???????^? />??)7/0??????"
80,BHARAT GEN/??????_2346 ??????.pdf,BHARAT GEN\??????_2346 ??????.pdf,"?+ 8?????????? ?????? ( ?????? ????? )??????????? ???? ?????? ??????? ??????? ??? ??????? { ???? ???? ? ????????? ?????? ) ????, ???? ????? ????? ??}???7???????? :??(??????????  ?????????????? ???????? ???????? ???????????? ?????? ?????? ?????? ??????????????????? ????????????????? ???? ????03??????? ???????? ????????21`?'????? ???????<""???????? ????????????   ???9?????????@/ ??>??? ?????????<??<??? ??????? -??- ??????  - ??????0)1)7)? -??????? ? ???<?3?| - ?????????(?? ?)?? ??9?????? ??? -??????????????????????????< -????? ??????? ??????????? ?> ?????-??0?<???????12- ^<?> ??????????????????????????)????? ??????? ?-???0?1<5??????????? ??????3?-???'?????????????? $????? ???| 7?2(6^???????? 6????????????????  ??????? ?-? ? ? ? ???>???? < ? .??|2????????? ??????? ???????? 3?????????? ??????????(???? ????????????????< ?????? ???????????????.?? .?????????????????????????????????? <??<????? ?? $(8=??????????)? "
81,BHARAT GEN/??????_2567 ??????.pdf,BHARAT GEN\??????_2567 ??????.pdf,"???. ??. ? ?.?????????? ????????????? ????? )???. 8 :?????????? ???? ????? ??????? ?????? ???(???? ???? ?????????? ?????) ????, ???? ????? ???? ?? ]???????????????????? ???????????<????????????? ?????? ?????? ?????? ????????????????? ???????? ????????? ??????????????????????? ????????????????? ????? ???????????? ?????? ? ?| ?? |? 2?????-*???? ????? ??????????? ?????? ?????9 ????? ???????????? ???????????. ??????????????????? ????? ?????????? ???????? ????? ?????? ~ ?????????? ????? ????????? ??????? ????????????2??. ???????? ???????.???? ???? =????? ??? ?? ??99??2092""??? ? ?? ????????????????? ???????????? ?? / ???? ????? ?[????? ????? ???????7?? ? ????%??????? ???????????? ????????????? ???? ?????? |????9???|?? 9 ?? 2? <? 9? ???????|?????? ???????? ??????????%???'7????????????????^9)9%927??>?% 9?1 '0*>??77 ? ?& ??%?""??'? . -3>? -<8????? ??? ??????????? ?????????????????????????????????????????9%)|??9-9%-0|??63?0/9-9?-?????3?-0???????????????-???& -??<!9?????????????????6??????"
82,BHARAT GEN/??????_2697__??????.pdf,BHARAT GEN\??????_2697__??????.pdf,
83,BHARAT GEN/??????_3026__??????.pdf,BHARAT GEN\??????_3026__??????.pdf,
84,BHARAT GEN/??????_3030__??????.pdf,BHARAT GEN\??????_3030__??????.pdf,
85,BHARAT GEN/??????_502 ?????? 52-1-B.pdf,BHARAT GEN\??????_502 ?????? 52-1-B.pdf,"????? (???. ?. ??. ?)??008? 7. 8 @????? ????????????? ??????.????? ???? ????????? ????????????? ??????.??? ????? ????.? !?????? 7 ???3????? ? ?? >??|)??????????????????????? ?(""""48*%%4*??   ???????$2.*..<+):??????   ????????????? ?? ?????? ?????? ???? ???? ?61:79? # ?????? ????????? ??? ???? ???????????????))2341%7""77{8????????? /'<04!7??????? ???? ??? ?????????? ??????? ??????????. ????? ??? ??. ??. ???*??? * ?????? / /<! *??%/?/?%077?)3/23/)????97772?73)=4??? >?? ???67 ?/<<???? /?4?{??2<?2'<7%???? ' ?""?4  4?????????&*<<>?? -?^)->?7;<%>7???7?#??? ????=53?4?^3?4^=>2<??"
86,BHARAT GEN/??????_50_1_Satbara.pdf,BHARAT GEN\??????_50_1_Satbara.pdf,
87,BHARAT GEN/??????_52_1_?_2._Satbara.pdf,BHARAT GEN\??????_52_1_?_2._Satbara.pdf,
88,BHARAT GEN/??????_555_??????.pdf,BHARAT GEN\??????_555_??????.pdf,"022???????????(???. ?. ??. ?)%? ?. 6 ?????? ???????????? ????????????????? ??????.????? ???? ??????? ????? ????.??? ??????.3""|?+1? ?3? ???????? ? ?????? ?? ????? =3< 9-3?3??=<-> ^??<_-)31{:?*2-??????????? ?????????? ?? 0}4???????????%?? ?%53<^3 ???????????????????? ? ???6*@<???????-)41??6??????? ?????? ??=??????????*?|??? 6-?? -?^ ??? ????????=~ ?7?5? }??????? .2?!!?-&-0= ??????? ??? ???? ?? ?????? ????| ??6????????*09? ?  ????????????%)???????? ?????  ??0?????#????<? 1??9 ???? 5-3~9""-????????????4???9^33111+3""3~-?. ????? ?-6?(1?""?????? ?? ????? ???.?%??? ??))7?????????<?4? 1????~??????? ?????   ?????? ????????? ) ???> ??????? ????????? (???? )?^?<????????<? 3(93""-??&:?0?2>7|1044?&?? 3??2?  ??63""-|*????? >???????"">???? >???????"
89,BHARAT GEN/??????_925__??-?.pdf,BHARAT GEN\??????_925__??-?.pdf,?????????? ???????? :????-????? ????? ?? - ?????? ????????-0?-???????? ????????? ??????? (?????)???????? ?????? - ??????? ????? )??????????????????????????????? ????????? ??????????????? ????? ) ??????????? ???? : ????????? ???????????????? ?????? ????? ??????? ????? ??.??????? ????? ????????? ?????????????????????????? ????? ??????? ????????????? ????? ?????????????? ??????????? ????????????????????????? ?????????? ?????????? ???????????????.?.???.?.?? ???????.??.??.??)??.??.??.????.??.??.??(?)(??(??(????????(??? ? ? ?.0.????0000?????.???.???.???.???0.????0.00000.????.??????9.???.?????????? ????? ???.?? ???? ?????? ????? ??????? ??? ??????? ????? ?????. ??????? ?????????? ?????? ???? ????.?? ???? ????? ?????? ?/?? ???? ?????? ?????????? ???? ???? ??. ?? ??/????  ??? ??:???? ^ ???? ???? ????? /?????????? ???? ?????????? ???-???????? ???????? ????. ?-? ??????? ? ??? ??. : ??-?? ???? ?????:??:?? ^?.??1??!@????? ???????????????? ??  ?????????????? ?????????? / ?9?2? ??2 ?32?? ?? ?/ ??  / ???? ???????.
