Unnamed: 0,doc_filepath_linux,doc_filepath,extracted_text,generated_text
0,BHARAT GEN/1015.pdf,BHARAT GEN\1015.pdf,"[???????? ???? ????? ??????? ?????? ??? ????????? (???? ???? ? ????????? ?????) ????, ???? ????? ???? ??]

???: ?? ??

???????
??????????

????

?????????? ??????? (?????? ?????)

?: ? ? ?? ??
??????: ???
?????? ???????? ????????? ??????

34-2?” ????????? ????????

??
?)
? ?? ?? ???? ?????????? 7

| ???????? ? ? “???
??? -???????? ??

??? ??? ???? ????

??????? ?????-??- ???????????

?????? ?????? ?????? ? | ????? ???????????

???
???????'??????? ?????????? ???? ????

?. ??. ? ?.
?... 8:12

??

???????: 7 ???????

???? ??????? '???????????

'??????-4(??????? ??? ???- ??

???
?? ?????2

& ??? ???????-? '??????????

> ?? ??. ???.

? *?? ???????/ 44/22/?2?2

(? ?- ????????/2?-/
<??--?-?????) ???
(???. ???????? ???????
2 -
<-???.. ?
- ? ? ???
2222 2

????

??? “<2-<?7 20-2-9- ?????????? ????????????

???????? &?- 3?3.

?? ??
> ???)
? 6.8 $$.

'??? 216/-<471 <? ?? ??????>
2?)

21 (/

1: ?? 5 ??? ????

??

(> ?

... ..

???????? ???? ?????? ???

39“?-?&?- “???? ??????? ?? ????

?? ?? ??????? -????
12??? 0-2-?7 <2?99( (??

???????
????? ??? 3] 2

??7 ?5 ? ???

","['[Rule 10 of the Maharashtra Land Revenue Officers Records and Records (Preparation and Maintenance) Rules, 1971] Village: LRB-LRB-LRB-LRB-LRB-LRB-LRB-LRB-.']"
1,BHARAT GEN/1070.pdf,BHARAT GEN\1070.pdf,"??? €..
?. ??.
??

?????????? ??????? (?????? ?????) ?? ???

?.
1,

1?

??

[?????????? ???? ????? ????1 ?? ?????? ??? ????????? (???? ???? ? ????????? ?????) ????, ???? ????? ???? 8)
??? ?????

??????? ???? ? ??? ??????. ?????? ?????? ?????? ?????? ? | ????? ???????????
?????????? ??????? ??????? ?????????? ???? ????

1 &????1 ?? ????????? ???????? > >

???????'

?????????????? ???

? ???? ?/*??????????/ ??? ????????

??: ?? ?? ?:
??? ??? ?

??. ???????
?
?? ???<€- ??? ???? ???? ?? ? ??? ??
?” ? ""5?19 ???;
???? ??? ??????????? ??????????????? ,>?£ &... ?
”? ???????? ?415:

- ?????
????????? ??? ??????? ????? ???? ???1??
“?1 <<: ?? 2225 ?????? ? ?? ? 2 ??? ?? ? ??
?????????? ? ?????? ????????????? ?? ???????????? ? ?? ? ??? ?
?????????????< ?? ??; 29/9 ???? ? ??? ????. ? ???
??? ??????? ????? 1(??????????? ???0:34)36-
??? ?! 7???????
???? ????????????? ?????????????????????? ?? ???
???????? ???? <&???????? ????????????? ??????? ?? 7)2/??.--
??? ????? ???????????????????? € ??
??????????????? '€??????? ?? ????)?11)
???????????? ?????????? ??????? ???

“??*???????? ?? ??????????
<< '???????? ?. ?. : ??? >: __

??? 665 4-“

????. ????????.

","['M.G.M: Register of Alterations (Alteration Patnak) No. 2H. 1, 10YADH [Rule 8 of Maharashtra Land Revenue Act1R.Records and Records (Preparation and Maintenance) Rules, 1971] SAPAN of Village Talaka Record and Laya Awais. Geo-assessment effected immediately. Sequence Number of Chaghathi Officer Sub-Division No.Adisakshari Kiva Shera 1 & ZB1: Shplda Chlade > > VTr4\'Flnchha Navam Na Patan 5 / * Kannalsayil / Ch Bhawalya Shar: 86Nat Ch: Havan Var Ch. Khalaiur K Ve Garas < €-Maddal Vto Vedach R: 4 Tla R ""K"" 5819Suppal; Pala Natcha Utkalinta Trippalakhya > 4.']"
2,BHARAT GEN/1083.pdf,BHARAT GEN\1083.pdf,"? ? ??. ?.?.

??? ??????

? ? ?????????? ??????? (?????? ?????)

? [?? ??: 7 ????. ??????? ?????? ??? ????????? (???? ???? ? ????????? ?????) ???. ?? :? ????? ???? ??]
? ?? ? 1. : '?????:? ???????????? ??????:; ” “???. -

??????? ?? ?????? ?????? ?????????: ?) ????? ???????????
???????? 7. ?? ?? ?????? ????? ?? ??????? ??????? ' ? ?????????? ???? ????
2629 | ???????5$<1919-?€_ ????? ? ??? ?????] 4
- ????????? ???
???? ???????? ??????? ??? ???? ? ???
????????? ??) ”“£?0,
?? ?? ?? ???
? ? ??
<???? ????????? ??????? ?????? ? ? ?? ??
3>-????????? ??????? ???? ???? ???? 2 ??? ?????? ?
???? ???? - < ?? ? ?? ? ?
???? /????????? ??)

?????' ????? ??????????
(
??

","['A.G. 8 M. 917 Register of Rascals and Kerfars (Manipulation Sheet) A:: 7 Land. Officers Records and Records (Preparation and Maintenance) Tair. Rule 10 of 10: 1 Keep 1.: ""Salukau:: chakfdrar bli:"" ""va. - Land affected by the Tondi: va. - Test Officer\'s compassionate 7. Ad dan kisya now ta sub-division no."" Initial Kiva Shera 2629. Katrainv5 $< 1919-9 Barse na van bhatra] 4 - Rejbwt tk ryi shwalchya chhawthari Rachat wati ka sin rajaste run) ""£? 0, Watli lu jor nani < pana un tkhal runlkid falaat walaat na.']"
3,BHARAT GEN/116.pdf,BHARAT GEN\116.pdf,"??

??
?
?. ??
? ?

?? > 7 ?????? ? ???????? ???????????.
? ???? ???! ??? ?? ????. ?...

> ?? ?
'<????????????

? ?1 ?? “?
? ? 3.» ? ? ? ?????????????
????? ???? 4 ?? ?” ?
? ? ?? ?/??(???-- ?? 3 ?? ?... ? ?
| ?...
? ? ? ?

? ??? ? 4

? ? ? ?

?, ?-?
|
?

4 ""* ?????

?“, 3?

","['Q. R. R. Jha > 7 Jhajchanaka K. S. P. Amaldar. P. No. &! Sahi di Shera. G... > De ch\'< ????????????. 01 T ""na 1 ya 3."" R ya ??????????? ??? 4 ??? 1/18 (018- ?? 3 ?: 4... ?? | 6... ?? 8 ?? ?????? ?? 4 | ?? ??, 7-7 | 4 | ""valli l,"" 39)']"
4,BHARAT GEN/131.pdf,BHARAT GEN\131.pdf,"?

????????? ?????????????

? ??

?  . ???

?
?
?
?
?

| &

?? ??? ?????

",['G ummarrib daltlnr s esh. Thadi u u u u u u. & kach udan chatahin']
5,BHARAT GEN/173.pdf,BHARAT GEN\173.pdf,"?... >: ??? ?:

“????? ??

.: ??

? ? ?
??????? ?? (??. ?. ?. ??). 2
? ? ?
??????? ?$ ??????? ??????. ????? ???? ???| ?????? ??????????

????? ????? ????.

? ? ???
1

?? ?? ??. ?
?? ????????? ??????? ???? ???<??%?  ? ? ?

?? ? ?? ?????????? ??? ???. ?
? ?? ???????????????? ???????? ??? ] ??? < 2 ?? ?
? 248)... 2: 5 ?? 3?? ?. ? ??

??? 7??
?
(?????? ?? ???????????????????? ???

1
?
1 > ??

????

??
?????? ???? ???? ?????? ??

8 ?? ?
??? ? ???
?????...)

|
|
$

??
?
? ????? ?????? 7?????????? 22 4” ?- ?? ???????????????? 8” ? 4
??. ?
?? ? 9939- 2-!
?
 [?????????? ?? ??? ??? ???

? ?? ???
?????????? ? ?? ??? ???? ? ???? ?? ?????? ??? )?-

1? ?.

????????? ?? ??? ??? ??? ? ??

??.'-??
?? ????????? ??? ????????????? ? €?-%)| ?

? ??? ?????? ??? ???? ??? ?? ? |<? ??

?. €-

","['7.. >: Athe: ""Salya ka.: mi ka cha hansyach ik (ga. Na. De). 2 na and aa sequence of Ka. Hakka type. Survey number and. Paasani aumaldaaradi sadya or dora.: 4 mayi 1 jaar kaat ja. 1 jaar ja. Jaas sigtileli utnaar breast 996 < 16% 7 paar ban la in yaan paasewadpe so nit. Ha ka tha raal nadatthep sedsralatt] tr < 2 ach aur 248)... 2: 5 ka 344 ha. She ka 786 | (duchanay saak tapasakatnenpainstra talay 1. 1 > rar de thach nahwt ilr havel jarabd ke 8 ka ka kat 7 arwali... $| | R size 7 kan. 22 kan. 4 ta.']"
6,BHARAT GEN/179.pdf,BHARAT GEN\179.pdf,"??????? ?? (??. ?? ?. ?).

?? ? ? ? ?

??????? ??????? ??????.

? ?? ?.? 8)...
?. ? ? ?? 1???? ?????? ?????????

[?
???? ?? ?... ?. -

? 3. ?? ??.
??? 1??1????????? ??? - ?? ??? ?
?? ?? $$ ?
",['Hakka Pach (Ga. M: Na. 6). T S A A A K Achukram Hakka Prayar. Ta. Zi. 7. 48). Ha. Ta. A P 1 raran hayate salyanila [A uch chi... Ta. 3. Ri. Mees 1 li 1 lalemper tar-tad daadu | Ti tha $B']
7,BHARAT GEN/2022.pdf,BHARAT GEN\2022.pdf,"?? ?. ??. ? ?.
??. ?. 8 ??.

?????????? ??????? (?????? ?????)

[ ?????????? ???? ????? ??????? ?????? ??? ????????? (???? ???? ? ????????? ?????) ?????? . ?* :? ????? ???? ??] ??
???: -????????? ?????: 7 ????????? ???: “7 ????: ??

??????? - ?????? ?????? ???????? ?' | ????? ???????????
?????????? ? ?????? ???? 483)! 23: ??????? ??????? | ?????????? ???? ????

?: . ?????????? ??1?1?? ????? ?????????????????????? “?
???????? ??????????????????????????????

? ??? ?3 ??? ????
??? & “???? ?????????????? 7 *<242

.' ???? ? ?? ???? >
? ?? ??? ??? 2 2 2//42/2)/ “496 29 /“?

??

? ??????? ???????????? ??????“?????? ????

9 ????/- “?7 ????? ?? ?????? ?????

???

20?7?) [???????? 2215?7?? ????????? ??? ????? ??
????????? ??. ?2?2 ?; ? ?????????????? ???????????? 4 1:22.16-?6 1 ?? ???
6 ?? ??? “?????????? > (2.
? ? ? ?
?(?'?-
??? &
?? ?
(?)
?? 5 2750????????? ???
??? ??? ????????? &
???? ?

","['97 MG 8 M2 4. 8SH REGISTRATION OF CHANGES (REGULATION SHIFT) [Rule 10 of Maharashtra Land Revenue Officer Records and Records (Preparation and Maintenance) Nr.1 *: 1] IF VILLATION TALKA: 7 SHWSCHATTA CHILL: ""7 MILLA: KAY REGISTRATION - REGISTRATION OF GROUNDS REGISTRATION - BHAVACHIN KELV 483)! 23: Sub-Division No. ODYAKSHARI KIVA SHERA B. TSHATSHWA 3019197 KALYALY VALGUSANLAJANASSLNATARI S 83 SADA CRI VAC &"" ALAIVAJATTOLLA 7 * < 242. ""KAKHI A FIND AND > CHHATTISH:"" ID 2 / 2 / 490 / 9 ""TONND"" KENNDLANT DAY ""KENDLANT""']"
8,BHARAT GEN/2054.pdf,BHARAT GEN\2054.pdf,"?? * - ??. - - , ?. ??. ? ?.

?????????? ?????? (?????? ?????)
[?????????? ???? ????? ??????? ?????? ??? ????????? (???? ???? ? ????????? ?????) ????, ???? ????? ???? ??] ? ?
???: ?. ??????: ?????????????????? ?????? ???: :..: ??.
??????? ?? ? ?????? ?????? ?????? ? | ????? ???????????
(2) 1 ? ?? ? ? ?. 7??????? ?? ??
(?? %.) [??? 51?15?< ??????? ?????????? ?? ? ??
( ?? ? > 2/3 ? 2
(/59 2? ?5 ??
?? ?????????? ????? ""???????  ??????????? :
€ ??? ?????? ? ??
“???? ? ??????? ????? ?????? ? ??? '
? ""??? ?/
? ???? ?? ? ?? ??: ???? ? ??? 24 ???
?????? ??? ??????????? ??????????? ? ? ?? ??? ?/?:0.

????? ??????????? “??? /?2- ?

?? [??? 23</< 6: ?????????? </</5 9-3.
???: ? 6-????? ?????????)*??? ???
????? “???? “??????. $ ???) ??? 23222 ? >

? (- 9) ??? ?? ??. 2?-227 ?/7???
??? ?8 2- 362
2 <_5 ?????
?? 3????????
? 7%??????????????
??7 ???/?/?0?
? ? ? 2.

&-??- ?. ?

??? ???2: £__ ???

??. 3<? ??? “?????? ??;

& <<. ?? 2: ??

","['K * -v. -, MG8M. Notice of alterations (alteration sheet) [Rule 10 of the Maharashtra Land Revenue Officers Records and Records (Preparation and Maintenance) Rules, 1971] and Village: a. Taluka: brnjvndt vilha kad:.:.: t. Record of unaffected geo-assessment and. Test Officer\'s (2) 1r jqn and r. 7tikta dat na (00%.) [Valan 516158 < ukajunp dalypvt dabh a ta (ct. 2 / 3 y 2 (/ 59 24 85 sh kamilibhalte patapat ""nastla vganniorech:"" chat secretary and rate ""katkat na nintti nichara suttila ra"" tabar 6 / r vrtchan 5 dhan: shital tach 468 pintin natnik nattanik nattanik nattanik nattanik nattanik nattanik nattanik nattanik nattanik nattanik nattanik']"
9,BHARAT GEN/2126.pdf,BHARAT GEN\2126.pdf,"?? ?????? (?????? ?????)

?????????? ???? ????? ??????? ???????? ??? ????????? (???? ???? ? ????????? ?????) ????, ???? ????? ???? ??] ? ???
???: “7 ??????????: .. ??????:  -????????? ??????: ????

??????? 4 ?? > ? ??????? ??????. ?????? ? | ????? ???????????

????? 9) € ??

?
?? ?? ? ?

???:

? .

??? ?1921?? ?9

? ??
---- $- 1
????9? ?: ?? ??

? ???? '??? 7 2522))0

115 ? “?? ????? ???

","['Rule 10 of the Maharashtra Land Revenue Officers Record and Records (Preparation and Maintenance) Rules, 1971, reads: ""7 Mldt.. Taluka: - Saledra bla: 4 lt. of the summit record and demarcated. Geo-assessment and occupancy of the testing officer 9) â €œBha d 6 | Nit: 8. Ln 7192142 09 Na darâ €â €"" - $-1 Yadap9b 1: Shu Khap da Anya lil 7 2522)) 0 115 â €""']"
10,BHARAT GEN/2172.pdf,BHARAT GEN\2172.pdf,"?? ? ? ??: ? 1, ? ? ??. ? ?.

] _.__ *_ ?????????? ??????? (?????? ?????) ** 47 ?
[?? ?????: ???? ?? ???? ??? ??????? ?????? ??? ????????? (???? ???? ? ????????? ?????) ????, ???? ????? ???? ??]. |
???: 7 7?????????? ?????? ????????? ????? ???? “????

??????? ? . | ?????? ?????? ?????? ? | ????? ???????????
? ?????? ???????? ????????? ??????
?????????? ???? ??????? ???? ??????? ??????? | ?????????? ???? ????

2:9? 89) ??? ???? &? ? (?7???
?. ????????? ???? ?0 &< 10?/* ?)
?? ????????? 5) 22101?2
????? ?????? ???2 ????????< 86425/
'?????? ??????-2. ???????????
&????? ?? ?? ?

??????? 2??? ????????? ???? ????
???? ???? ?. ?? (? ?

? ??? (?: 29?14) ? >

(?????? ??, ??????

","['Ak Pa Sakha: Na 1, Mga. 8 Mga.] _ _ _ _ _ _ _ _ _ _ _ _ _ _ _ _ _ _ _ _ _ _ _ _ _ _ _ _ _ _ _ _ _ _ _ _ _ _ _ _ _ _ _ _ _ _ _ _ _ _ _ _ _ _ _ _ _ _ _ _ _ _ _ _ _ _ _ _ _ _ _ _ _ _ _ _ _ _ _ _ _ _ _ _ _ _ _ _ _ _ _ _ _ _ _ _ _ _ _ _ _ _ _ _ _ _ _ _ _ _ _ _ _ _ _ _ _ _ _ _ _ _ _ _ _ _ _ _ _ _ _ _ _ _ _ _ _ _ _ _ _ _ _ _ _ _ _ _ _ _ _ _ _ _ _ _ _ _ _ _ _ _ _ _ _ _ _ _ _ _ _ _ _ _ _ _ _ _ _ _ _ _ _ _ _ _ _ _ _ _ _ _ _ _ _ _ _ _ _ _ _ _ _ _ _ _ _ _ _ _ _ _ _ _ _ _ _ _ _ _ _ _ _ _ _ _ _ _ _ _ _ _ _ _ _ _ _ _ _']"
11,BHARAT GEN/2180.pdf,BHARAT GEN\2180.pdf,,['The']
12,BHARAT GEN/2189.pdf,BHARAT GEN\2189.pdf,"? ??: ? ????. ??? 4 ?.??-? ?.

??. ?. 811.
? ' ?????????? ??????? (?????? ?????) ?
? [?????????? ???? ????? ??????? ?????? ??? ????????? (?????? ???? ? ????????? *- ?!) ????, ???? ????? ???? ? ?]
“???: ???????????? :. ???: 7??????????? : ? ??????; ?????

?????? ?! ??? ?????? ? | ????? ???????????
????????? ??????? ?????????? ???? ????

???????
?????????? ?
(25?4) ?? ? ?/ &7 &?????????
(2554 ??????? ??? ?? ??? ?<????
“??????7????7? ????? ?????????? ??? ??
?? ?????????? ???

' ?????? ???????? ????????? ??????

???
????????? 17???????? ?
????? | ???

(?????? ??. ????????)

","['4 ?.??-8 mr. 4. 811. Registration of Alterations (Alteration of Patnak) and Rules 1 0 of the [Maharashtra Land Revenue Officers Records and Recordings (Compiling and Correcting * -4!) Rules, 1971]. ""Bab: Nahkimpako:. Kasal: 7chakadrava:. Kiva; vaikal yi! lale geo-assessment yi!!!!!!!!!!!!!!!!!!!!!!!!!!!!!!!!!!!!!!!!!!!!!!!!!!!!!!!!!!!!!!!!!!!!!!!!!!!!!!!!!!!!!!!!!!!!!!!!!!!!!!!!!!!!!!!!!!!!!!!!!!!!!!!!!!!!!!!!!!!!!!!!!!!!!!!!!!!!']"
13,BHARAT GEN/2195.pdf,BHARAT GEN\2195.pdf,"??????????? ??????? (?????? ?????)

[ ??: ?? ?????? ?? ??????? ?????? ??? ????????? (???? ???? ? ????????? :
???: ?? ?????? : 7????????????? ? ???

??????

??????

?????? ???????? ????????? ??????

??????? 2?13?2? ????????

(25961) ?? (? ?. ???
???????? ??? ??? ?? ???????

) ? -???????????
????? ???????? ??????? ???
????????? ???? ?????; ????????? ?4%(5

?????;

? ????????? ??? ???????
2) '??????? ?????? ????????'
28 3 14 ???????7? ?? ??????-<?????

? ?? 1 ?) 5.
?2 ??? ???????? ?? ?1?5

?> ???????? ????? ??????

????? ?? ?? ?) ??? ?????

27 (?????. ???????? ????

???????>????? ?????? ? ????????? ? ??? ???
?????? ????? ?????? ??
??: ??????? >???- -4- ?)

? ? ?????? ? | ????? ????????????
?? ??????

??, ??? ? ?.

??.?.8??.

%?-

') ????; ???? ????? ???? ??]
4 ?35.

?????????? ???? ????

?-<2-(?

$????????? 2?53 > ????
> ????????? ???????? ??????(?) 2 ??. ???
“? ?2???? ??? ??????? ???? ??????? -????- ??? 2

","[""Registry of Returns (Corrigendum) [Condition: Pun Jumit Na: Adhikari records and registers (Prepared and in order: Gaon: Shal Taluka: 7Nvnlapur and Jil Paribhan Urpa: Form of acquired authority Larirwa 2013021 Khelli (25961) La (9 1. Salle Vnast vy Lavak na tshda) Ta-Ichanchidivch Zozi Mpsat Aratye Badan Lashfa: Yaley Dule; Nachyadyr 44% (5 Hodat; and Nsamspad Jan Lahpte 2 )'Tnumatal Nulwm Kshekre'28 3 14 Watarw7l de Pander2 - < MY 5 Dhu 1 Cha) 5. 92 Maan Tnpanji Dun 8145 7 > Jayaspadi's wife Yea 9 (Lawyer) Larriye (Lawyer Std.""]"
14,BHARAT GEN/2198.pdf,BHARAT GEN\2198.pdf,"??? ????? ?, ?? ?.?? ? ?.

??..?. 87.
?????????? ??????? (?????? ?????) ??
[?????????? ???? ????? ??????? ?????? ???? ???????? (???? ???? ? ????????? 57) ????, ???? ????? ???? ??]
??? “??? ??? ??????: '????????? ??????????? «? ????? ??????????

???????

11 ? ??? ?: 213 ?????? ???????? ????????? ??????

? ? ??????? 319212?45? ??????

?

??? [????????? ???'?97192/67?
<???????? <. ?? (?? ?. ??* 2. ?€??,.???/-

<???91)--<2-- . 3 6? ???/- ??? ?? 199/??
>??????????- '?????? ?????? ????????
???????? ????? ???- ? ??? ???? ???? ????

?????????
2) ????? ??????? ?????????
?? ?? ??.
???? ?? -?????? ? :????. ??:

? ??????????? ???????????? '
<<????????? ??. <3/2%/??????? ?” ???
????? >?? (???? ?? *
??????? ??? ?827921 2.262??? ????
< (? ?????????? ????? 1592-?2
<?????? ???? -.?- 2, 5? ,???(-

??? 9?) ?-5. 29 << ???/- ?0- ?)39/0

<???????? ????? - ?????????? ??????

?? |!

?? ?

?????? ???????  ????? ??????????
???????????

?? ??? ??? ??

????????? ???? ???????? <?? ?? 7?????>

?? ? ??? ?? ??????/ (236) ?3
","['Ded Nannale R, Tarbha 8 M2. 4. 87. Give a record of alterations (alteration sheet) [Rule 10 of the Maharashtra Land Revenue Officers Records (Preparation and Maintenance of 57) Rules, 1971] Village ""Kalak Tala Taluka :\'Yalpyata Vatrpyataya:"" 11th Kiwata: 213 of the Makkah Residence Record No. 3192120456 Nohni Pt. Tapa 497192/67 G < Neredirnat <. NO2 > (Sat 2. 2 * 2.690,.700 / - < Ch891) - < 2 -. 3 60 000 / - Tali 25 199/04 Varesidenar -\'Lani Kalatya Dembhare Vktti Kshetti Oo 2 - 7 Kaal Doradate Kanadate\'Shri.']"
15,BHARAT GEN/2238.pdf,BHARAT GEN\2238.pdf,"?. ??. ? ?.

??? ? ??????

?????????? ??????? (?????? ?????) ? ??
$ [?????????? ???? ????? ??????? ?????? ??? ????????? (???? ???? ? ????????? * ?) ????; ???? ????? ???? ??] ??
-??????????? - ????? “????
???: ??????? ??????: ????????????? ??? ??????

(?252 ? ? ?????????? ?? ?.
- 4 ? ??? ? '?????????? ?????????????? 5.
? ????? - ????????? ???(????? ??
?? ??? ???????<? ?? ??? ??? ??? ????? ????? ?
?????? -
? ,?????? ????? ?? ?????????
????? ??????????? ???????????? ??
???????? ??? ?????????????? ?- ?
??? ?? ????????
?
(??????? (???? ?????- > ???????? ?
???????????? ???
? ?????????? ????
? 1. ???????? ?????? ?
?) ????????? ??????????? )0?????

?> ?????? ????????? ?? ???????
??? ?????????????? ???

? ?????????? ?????? ?????

? (??????? ???????? ??????
???? ???? ??? ??? >
??????
???? ?????? ????: ????????????
? ??? ? ??? ??? ? ??
€&-(? (2:?? & ??????????? ???????
??????? ??? ?? ???

??? ???? ????????

""???????????

","['MG 8 M. Haya 7 Hirdan: Register of Alterations (Alteration Sheet) Ch Jha [Maharashtra Land Revenue Officers Records and Records (Preparation and Maintenance * u) Rules; Rule 10 of 1971] Bhat-Krilikleh-Vyal ""Jada Gaon: Barratwat Taluka: Dattrappar Jit Ralatra (8252. Na Dhsantareni Na K-4a Asi Pridatye Spansabjandh 5. & Tivdar-Passochan Pabha (Release Dad Tchi < Dhar Rt Vatsa Katkay R Vanacht-Ya, Pazd Tr di Ganalm Parite Trashechanch Vpvktn ne Kapthanchna Kl Kdltlndyat-Nasa Ra Smanya 8 (Vslt (Devjashar-Devnushar-Devnujibhaji Taluka 0).']"
16,BHARAT GEN/2239.pdf,BHARAT GEN\2239.pdf,"???:

| 1 ? 2.- ???[?'????? ??????? ?????? ??? ?????????

?????????? ??????? (?????? ?????)

??????: 7 ???????????

?????? ???????? ????????? ??????

?... ?? ? ??????????????? ??. '.. . 2:  -. ???????.

?. ??. ? ?.
?. ?.87.

(9
2

(???? ???? ? ????????? ?????) ????, ???? ????? ???? ??]

?????? ?? ?????

?????? ?????? ?????? ? | ????? ???????????
??????? ??????? ?????????? ???? ????

?
4 ?
&? ???????. 2? ???? ???? (? “ ?.” ?
??????????? ???????????- 2?5?1?? >. ??
| ?????? ?
???????? - ??????????? ?????? ?? ? ?
?. ??... ?? ?. ???. ??
15???????? ??? ?????????? ? ?
??????? ) ??? ?-
?? 22????????
???????? ??' >????? ?? ? (?-5
???? ???? (? ????????) -??- ?????? ? €(2- ?? ? ??
??? &/?-_ ?
???? ???? ??? ?: ????? ???????? ?? ???? ?
“???? ?????? <????? ??????? ??. ? ?
28
???????? ?????? ? ? ???. ?
???. ???? ??? ?????????
???????? ??? > ? ???? ????? ????
?
' ????????? ?? ] ? 7?????
???? > ???????? ????????? ??? ? ? ?? ?.
? ????... ?? 7?
2» ?? ??? ????????? ????????? ??? 0 ??
??? 2) -???????????? ???????? ???????????!-
??? ????????? ?? ??
???? ???????- ??????????? ????? '
????? ???? ?????; ? -???????????

??????? ??????. ?0 2.4 ??? ???????,,

","['Village: 1A 2. - Zami [Non-Revenue Officer Records and Register of Recordable Changes] Taluka: 7 Udyatnaut The nature of the acquired right 1... Rajar Sddeddyni Ui. \'... 2:.. Edtdys MG. 8M. 2.4. 87. (Rule 10 of 92 (Preparation and Maintenance) Rules, 1971] Sub-Division Number of the District Assessing and Testing Officer Affected Geo-Signature Kiwa Shera A 4N & 1 LPC. 26 Soji 5481 (5 ""A"" Na Sturynya Kvchitpi-2857106 >. Re. Leiden and Lyvgh-Bolsachchi Zapde: R.U.K. Pal. 8. Ky.']"
17,BHARAT GEN/2249.pdf,BHARAT GEN\2249.pdf,"? .- ??? [?????????? ???? ????? ??????? ?????? ??? ????????? (???? ????

??? : “????? ?????? ? ??? 2.

?
? 4 ?????? ???????? ????????? ?????? ?? ?????? ? | ????? ???????????
$ ?? ?????? ??????? _ ? ?????????? ???? ???? ?

?2?? - ??????? >???76? ? ??????-
?? ????????????? ? ?????????

? ???????? - ?????????????
????????????? ?????????????? ?????

? ?? ?

55? ??? / ?,
? 1? ??? 0 ?

??

?? ? | ????? 4. ? ????
?? (??????????????? ????????????? ???-2?)?/?0 4
????? ? ?:
??????? ????? ?5???? ?????? ??? ' ? ??
&?

?? - ??????? ???????? 2???? ???-

????? ?????- ?? ? ??????????
??????? : ???????? ???????????

?? ??? -??????? ???

?????? ?????- ???. ?????? ???

? ?? €9?)61 ??
3 ??? ???? ? ???????? ?? ?
????? ??? ?? ????????? (451 :€?| ??? ? ?
?? ?? ????????? ?????????- ?6 ?
??? ????????????? ?? ??? ?

( ??
! ???

?. ??????????)

???????????? ?????? ??
???? ????????? ??. ??????
??????????- ???? ????
??????????? ????????? ???. “? ??????
? ?
(????????????????1 ?????????? 23
????????? ??? ????????? ?: ?????
""???????????? 5514? ? ???& . ?3??/?1
????????? ?????- ????? ???????

*?.. 8:

????????
???????????????? - ???????? ?????
????????? ???-??????
?????????????????????????
2 ??? ? ????
???? ?? “??? ???????????????
? ?...
?????? ???-4 &??????????][891?-?( ??? ?
? . ?? ?? ?? ??? ??? ??????

","['4. - Bhale [Maharashtra Land Revenue Officer Records and Registers (Tair Katun Gaon: ""Jhalkale taluka ry 2. Uhhhhhhhhhhhhhhhhhhhhhhhhhhhhhhhhhhhhhhhhhhhhhhhhhhhhhhhhhhhhhhhhhhhhhhhhhhhhhhhhhhhhhhhhhhhhhhhhhhhhhhhhhhhhhhhhhhhhhhhhhhhhhhhhhhhhhhhhhhhhhhhhhhhhhhhhhhhhhhhhhhhhhhhhhhhhhhhhhhhhhhhhhhhhhhhhhhhhhhhhhhhhhhhhhhhhhhhhhhhhhh']"
18,BHARAT GEN/2251.pdf,BHARAT GEN\2251.pdf,"?? ??. ? ?.

? 1 ? ???

-?????????? ??????? (?????? ?????)
[?????????? ???? ?????? ??????? ?????? ??? ????????? (???? ???? ?? ????????? ?????) ????, ???? ????? ???? ??] ??

????? ?????? ??

- ??? 3 ?
?? ? ?????? ?????? ? | ????? ???????????
?????????? 2: ???? ?? ?? ??? ?? ??????? ??????? | ?????????? ???? ????

(??%) ??????????? 22??? - ???? ??
?? | ???????? ??? ???????? ? ? ????? :: ?
? ?). ??? ??? ?????? ??? ?????????; ?
? ? ???? ???????????? ??????????? ?
? ????? ? ?. ? ??? ?? ??11: ? ???
????? ??? ? ?? ?? ?

?? “????????? '???? ??????????? ? ??
?????

7??????????????????????
| ???? ? ?????? ?? ?
???? ??? 5) ?32) ? ?

?????? ??????
?? .» ???????? ?? ? ??????????

4???? ????????
????????? ?1315?? ??

?????????? ??? ?? ??????????? ? ??2 ?

??? ???????? ???????? 2?-?0 ??? (?? ?
? ? ??
?? ???????? ?-?<-( ????) ((??6? , ??
? [?? ?
??.

??????€ ?????? ????????? (> ??1?27 &(?
?? ????? '????????????????????? ??
??????? (?-?? : ???? *?????????????
???? ????? ???? ??.????

? ???? ???

?.
(. ?????? ??) - ., 22 2202??
??????

?? ?? 1 3/-?702? ???

??? ???? -

????? 4& ?

","['Dad Ga. 8th M. 6 1st Register of Alterations (Alteration Sheet) [Rule 10 of the Maharashtra Land Revenue Officers Records and Records (Preparation and Maintenance) Rules, 1971] of Talaka District Bhaya-Gaon 3 and No.']"
19,BHARAT GEN/2256.pdf,BHARAT GEN\2256.pdf,"? < ??.??.? ?.
- 224 ??.?.??

?????????? ??????? (?????? ?????)

[?????????? ???? ??????? ??????? ?????? ??? ????????? (???? ????? ? ????????? ?????) ????, ???? ????? ???? ??] ??

???: ???????? ? ?????: ??????? ????????? . 1"" ??????: ???????
? ? ??? ???????? ??? ?????? ?????? ?????? ? | ????? ???????????
?????? ????; ????? ?????' ??? ????

?????????? ???! ????

? ?

????????? 25121?? ????; - ?? ?? ?
?2??) '?????????? ???? ?????????? 2?7????? ? ?? 1
?????????????? ????? ??????6????? ? ??? ?
? -??????? ? ? ?. ?? $???????? ?? ?
????? ???????? ?????????????? ??-25)?3 ?? ??? .

[???????? ?? ??. ???? _ ??????????? ? -

??????? ??. ?? ? ? ??
| ?? ????

??

? ???????? ????? ????????? ???) 2

3? ????????????? ???? <>???????? ? ?” ? ?? >
????????? ?????- ???? ???????? (? .'

1? /]6294?4 * 2
???? ???????? ???&- 9 <? ?? £ ?“ | ?
??] ???. ??? ?????????? ???1?? ?? ? 9?
????? ?????? [?
??????? ?????? ???? ?. <?? ?
>. ? >) ?? ?? ??

?? ??? [?%??????? | 24 ???? ?
????????? (?-??)215?? 4 >
??? 185 %££ ??

???? 2?72?? ? -
??????? ?????????? ? ?????? ?????? ?

?? ?? ??????????? ? ? ??? ???? ??? ?
?? ????????? ???????? ????????????? ???? ?31716 25
?? ?????(???>? ? ? ><-????????)- 1, ???? ?
0 ???? ?3 3???????-??? ??? ? ?? ?? ?
?? ? 1 ?????? ?. ? ?? ???? >
? ? ???????? ? ??????
? ?? ?? ????????? ??????
???. ? ??? 2 ? ??????? (??? ?:
4 ?? < ???? ]
? ??? | 2??? 2 ? ??
1 > ????????5? '?????? ?
??? ??????
? ?? ?????? ?? ?? ?

???? ????.

","['R ??.??.8 M-224 ??.4.4? Register of Alterations (Alteration Patnak) [Rule 10 of the Maharashtra Land Revenue Officers Records and Records (Preparation and Maintenance) Rules, 1971] Sh: Gaon: Nakalkaleka ta talaka: Rabatpat patpat. 1 ""Dist: Podhloe u bala bapisasave seva affected geo-assessment and. Edited by the Testing Officer; Garach swaru\'Piwak adhyakshari kiv! Shera aa na elnarasw 2512107 sheji; -Pa naan 6255 )\'Karfaratchi suna hiwali 2d7ugp and ni 1 ngidandataat chatle unlawa6silan r. Na-palachai 6 ch 1. No $kotharach na lisab sheechnaane vchhdade - 25 - 23) aur kaha.']"
20,BHARAT GEN/2265.pdf,BHARAT GEN\2265.pdf,"?. ??. ? ?.

??.?8 40 |
?????????? ??????? (?????? ?????) 7
???
[?????????? ???? ????? ??????? ?????? ??? ????????? (???? ???? ? ????????? ?????) ????, ???? ????? ???? ??]

??? ?????????- ??? ??????: 7 ???????? ?????? ????

???? ? ???? ?????? ?????? ?????? ? | ????? ???????????
? ?????? ?????? -
?????????? ??? ?? ?? ????????? ??? ???????? ???????? | ?????????? ???? ????

??????? '??????????????- | ??
? (?? ????? (??????????? 2?1?1?? 2?(&
? ?? ?? ???????????? ???????? ?-??-9 ??
???? ? ? ??? > ?0» ?????? ?
(????? ???????????? ?????????? ????? ??????-
??????? ???? ? -?????????????0????
??????? ???????? ??. 3- 3) ??;???- ???.
?] ????

???? ? ??? ???? ????
??? ????

2 () (72

???? ?
7 % ???? ???? '?????
????? ????
???? ?????? <????????????? 3???.??| ?9

? ???. ???. ?: ????????????/<??-?)/
9?? ?2?'? ?????????????<?
????????????? 2 0?1 ?????????

??????????? ??]

??????????? ??? ? ????? ??
? ???? ??? ????
???????? <?????? *??????????????7)
?? ?

","['MG 8th 21.48 40. Register of Alterations (Manual of Alterations) 7r [Rule 10 of Maharashtra Land Revenue Officers Records and Records (Preparation and Maintenance) Rules, 1971] Village Trilvale-Vale Taluka: 7th Trilvale-Vale Taluka: 7th Trilvale-Vale Taluka: 7th Trilvale-Vale Taluka: 7th Trilvale-Vale Taluka: 7th Trilvale-Vale Taluka: 7th Trilvale-Vale Taluka: 7th Trilvale Taluka: 7th Trilvale-Vale Taluka: 7th Trilvale Taluka: 7th Trilvale Taluka: 7th Trilvale Taluka: 7th Trilvale Taluka.']"
21,BHARAT GEN/2290.pdf,BHARAT GEN\2290.pdf,"?. ??. ? ?.

?. ?. 87. /€

?????????? ??????? (?????? ?????) ? 40

| 7 ?? [?????????? ???? ????? ??????? ?????? ??? ????????? (???? ???? ? ????????? ????? ) ????, ???? ????? ???? ??]
? ??? : ?????: ?????? :

??????? ?????? ??????
? ????? ? | ????? ??? ??????
?????????? ? ?? ???? ???????????

?????? ???????? ????????? ?????? ???? -
??????? ??????? ?????????? ???? ????

???

?? ??? ?
??. ??????????*'?????? ???? ??.
? ??? ??? ?????????? ???

“???? '???? ??? ????? ???????

?? ? & .- ??. ?
? ??. ? ??? 21 1?(1??2?
???? ???? ?? ??? ???. ?.
(132 ?? ???? ?????210. ??????????
??? ??? *
???????????? ??? ??????? ?????? ?????

??????? ?????????? ??????? ???? ? 4
4?? ?? ????2 ?? ???? ?????)
-1?- ????????
?? ?????????? ?? ?. ???
??? ?

?? ?????? ?????? ??????
???????????? ?????????
????« ????? ???????? ??? -??????????
(? ??? ? ??? ?????????????
??? ???. (????-????-?-?? ??8
?????? ??. ?? ????2? ?? 2215?
-??????? ?????
??? ??? ?????? ??

? ??????? ???????????? (?
??????????? '???????? “????? ??
'??????? ????????- 1?1€???

???? - '?????????????????
£?[<? ? ? > ??) ( -?€ ??
?????? 8
? (???? <<, 45- 2. ?? ??????-
????, ??? ?, ??????)- ?? ?????
??????? ????? “??????? ?????? 7? ??????-
?<?? ???? - ??? ? ?

?-?. ?? ? ????
?<<4 ? ???????' ?72 > ?????????????? ?? ???

??)
??????- ??? ?? -
???? ??? -?????? 5&% * ????/?? ?? ?
? ?0) “? ' 6 ] ??? ???? ?.
???????????? ??? -3/ ???16? ???? ??? ? ?? ?????“
«<???????<?? “????? ?? ? ?????????? ? ??? ? ??

5 ?? ?? ??.???

?? ??? (8:
,.<2???3 ??? ???? ??

","['MG 8 M. 2.4. 87. / â €œRegistry of Alterations (Alteration Sheet) No. 40. 7C [Rule 10 of the Maharashtra Land Revenue Officers Records and Records (Preparation and Maintenance) Rules, 1971] village: taluka: district: record affected and test cases serial no.']"
22,BHARAT GEN/2291.pdf,BHARAT GEN\2291.pdf,"?.??.? ?.
??. ?. 8 ?.

??

[?????????? ???? ????? ??????? ?????? ??? ????????? (???? ???? ? ????????? ?????) ????, ???? ????? ???? ? ?? ?
??? -?????????? ???? ??????: 7 ???????????? ??. (? ?????? ?? ?: 1:- ??

?????????? ??????? (?????? ?????)

??? ? ?????? ?
??????? ????? ???????? ??????? ????? ? ?????? ?????? ? | ????? ???????????
?????????? ??? ??? ?? ??????? ??????? ?????????? ???? ???? (

??? 5... ????” ????” ??? ??”. ?? “????

-- ????? &>(351<?6? (5 ?????

??  ????????? ????????? ???????????? 1 ??02

( (? |

2 ?? .. 1 ??????? _???????? ??. ?? [ ? ?
???? ? ??? ?????? ??? ?? ? ????

( “???????? ?? [????????? )
'??????????????? ???????????????????? ??.
? ? -?? ?????? ?? ? ?? ?
'??????? 21??.??'?(/- ???? ??? ?
(%

? ? ?????????????????? ?????????? ??
?? ? > ???????? ????

2 ???????' ?????? ???
&- ?? ???? ????? ??????
?? ??????? ??? ?? ? ?? ?

??) ??????? ????????? ???
??????? ???? ??????? [?- ? ? ??????? | $.
??? 2 ??

??) * ??????? (? ? ?

????? ? ?? ???
???? ? * ?????? ??? 2.42.
??????? (???? 5/???( ??
???? ???????? ?????? ?? <????????????
??(??7?????????????????
?????? ??????? ??????? ? ??????????
??????? 1. ? ??
3? ?? ?<? (<1[???????
?? ??????
??? (??????? ?????? ???? >???????? (??? ?<??
?????????????????

-? ? ?????? ?? ???. ?? ???????? ??????? <??
????? ???? “???; 9 2

?
??. ???? ??8

(£| ???? ???? ???[???)

","['?.??.8 M / s 4. 8. 444 [Rule 1 of the Maharashtra Zamit Revenue Officers Records and Records (Clearing and Maintenance) Rules, 1971 prescribes village - Bhityamvale Water Taluk: 7 Nyalapur 55. (1 Ballal Sad Ch: 1: - - - - - - - - - - - - - - - - - - - - - - - - - - - - - - - - - - - - - - - - - - - - - - - - - - - - - - - - - - - - - - - - - - - - - - - - - - - - - - - - - - - - - - - - - - - - - - - - - - - - - - - - - - - - - - - - - - - - - - - - - - - - - - - - - - - - - - - - - - - - - - - - - - - - - - - - - - - - - - - - - - - - - - - - - - - - - - - - - - - - - - - - - - - - - -']"
23,BHARAT GEN/2310.pdf,BHARAT GEN\2310.pdf,"_ ??? (?????? ???) ? ? 0

'????????? ???? ???? ??????? ?????? ??? ????????? (???? ???? ? ????????? ?????) ????' ???? ????? ???? ? ??

?? “???????? ???: 7?????????? ?????:- :“ ? ???????

4:29 . ?????? ???????? ????????? ?????? ! 27: ?. ?3-07

? ?

(21% ?? ._ ?????? ??? 53921 ??? ?? ??/ ?,

?) '???????? ? ? ?. ? &

? ???? ?? ??? ""????????? > ??????

??????? ??????? ??????????????????? ?? > ???.

? ?2-19 ???

(?? 1 ?? ? -- “? ??? ????

??

?? ????????- ??? ???????????????? 7 ?
??? ????????????? ???? ?
? ????????? ???? ?? 8 ?? |
? ??????? ????????????????? ? -??????? ???? ???
??????????????? ????? ????? ????? ? ??
???? ??? ??????????????????????? ????) ??????? | “1?” ??
????????? ???????“???? ?????? ?? | ????(??

????????????? ????? ??. ?

?? ??? ???????? ???? ?? ??????? ???? ??? ?? ?
""????? ??????????????? ???????????????????? ??? ?4
??????? ??? ??????????????????????? ??.

???? ?????' ??? ?????? ?????????? 8

? ???? 23 ????????????????? ??????? ?????
???? ""???????????? ???????? ?????????
? ????? ??????????? ??????? <.'??????>-??
???(????9?( ?-% ??? ?: ? ??
?? ?? ?????
???????? ??????” '????????? ?????' |
????????????? ?????? ??
???????? ???????
????7 ??1?? ? ??25 ??)?€?) «
? ???? ?????? ??? _ ? ? 27 ???????? ?
?????? ? (???????? ??????????????? ? ?
??????? ????????? ?? ????1??(?? |

??????????

","['_ Dahi (Alteration Medal) 5 0\'Harachatra zameen bahudu behdukari\'and rule 1 bhu shab\'of Tondhahya (Preparation and Maintenance) Rules\'9970 reads: Art: 7 Rwatpwr Kila: -: ""s Haltai 4: 29. Form of acquired right! 27: a. 73-07 gp (21% b. _ Tparo Rawa 53921 rup zi p2 / a, 8 )\'srizali k u b h & r v li hana\'yavspup > pfmya nyisa chatti: spanddakambaty ki > shet. 82-19 tk (21 1 du 8 - -"" 8 rk sy thou bh: nyvtav - jajna bhidhaktivatarpanni\'s 7 2 natak natak natak natak natak natak natak natak natak natak natak natak natak natak natak natak natak nat']"
24,BHARAT GEN/241.pdf,BHARAT GEN\241.pdf,"? ??? (?? ?. ?. ?)

-??

? ? ? ??
? 24118: ??
?? ? ? ??? ? 1
( (1 ?” ???

(??? 3?/89/??37 ????????????????????

?????? ) . ??? ???? ???

 ?
????? - ????? ??? ????

8. 8 |
?????? ??? ????????? |

? ????

?????

?.

??? ??? ??

???????? ??7???? ??????? ?????????
??? ?2?, 2:?? ?? ???????
???? ????? ?» '????'? ???? ?????????? ????

--<6(44/441 |

?? 3 ?? 8 ? ?|
| ????? ??? ????? 4? ???? ?????? 1227 ? |

|| ?? ?
?? ?????? ?? ????????? ?? ?

???) ? ??? ? ?? ???

??????? ?????? ?????? ?

?????? ?? ? ?????? '???????????
?? ??????? ???. ???? ???? ??? ??
???? ?? ( ???? ??? ? ' ??? ????? ???.

9-9 ??

??

(» ??

8

%/2%-/ ?-? |

? 8: ? ?

???? « ?...

| 2??? ??
?

[<???-?-

3 ??? ?????.?.
?1-“ 9 ?

??

“7” ? ??? ?... ? ???

?

????? ? ??
(? ??

07117 ?)
? 0

????

","['Ra Chanch (Sha No. 3) -? 8 Ra No. 24118: 40 Bhan Ra Daga ya 1 ((19 ""416 (Sapna 37/89/8437 Ukraksslerthuwchapye Fabler). Kate Kiva Yava. Hekt-Kim Nava Saga 8. 8. Jald Tagat Nirichivi. Ka Blaajal Ch Rata Aka Gak Schar 7074788 Thasiketa Aitapale wound 428, 2: 40 cup Sanalarna Maral? Makar 6"" Dhol Drah Tholashraya Necha - - < 6 (44/441 | Dhe 3 gai 8 r | | | 19188 Anak Kale 42 Thana 1227 M | | | Bheram Banhivat Ta Lachcha Nasta) Nari Sari Jap records manipulated No.']"
25,BHARAT GEN/2416.pdf,BHARAT GEN\2416.pdf,"? ???
?? 5133 1.1 ?. ? ??... .. 5 18?

1
?????????? ??????? (???????? ????) ?????? ?

? ??? ?? ?- 5: ???? ??????? ?????? ??? ????????? (???? ???? ? ????????? ?????) ????, ???? ????? (??
???: ?????? ???? ?????????????? ??? ??? ??????: ????

?????

? ???
1
? ? ?????? ?????? ?????? ?
?????? ???????? ????????? ??????
?? ? ??????? ???????

?:8? ? 1
31587 ?. 2) 1?-22546 ??????
??????????????????

????????? ?
???? _: ?? ???????? ??? ?-??-? ? ???????

?????? ??????????????? ?. 1???????? ????????? ??

??????????????????? ??????????????? ??

????? ????????? ??????? ?? ?????????? 1 ?) “???? ?? ???' ??????? ??

? «?? ??? ?

???
)>
??

“?????????????????? ??? ?????????? ????? ?
????????? ? ??????? ?? ??: ??? ?? ??? -
??? ?????????? ? >? ??????? ) ?????? ??

?????? ????? ? -?????????????
? ?????? ??? ??
??????????????????????????????? '????????????? ?? ?? ? ? ?? |

???
? ?? ??. “? 7 ??????- -????????????????

?. ? ?
????????? ??? ??????? ? ?? ??????? ? ] 1 ??? ??? ?
?. ? ???? ?? ?????????? 1 ? ???.

?????????- ?????? ??? ????????? ???? ? «??? ? ?
???????????? ??? ??? ??????????
??? ?????????? ??????????? ?? ? _ “??? ??

??? ??? ? ??? ???
?? ?... ???? ???? ??????????
&??????????? ????????:?
5: ??. ? ):-.
2

????? ???????????? ??? ???? ? ??

? ??? ?????? ???
????. ?: 2? -???????? ?????
?????????????? ?????????? ??? 1117 ????????????????- ???? ??
?? ????????

?

?

|

1

|

|

]

?

« ??(|???-? 2?-??? ???) ??? ?????

","['PJ 5133 1. AK NON..... 5 188 1 REGISTRATION OF EXCHANGES (KAZELCHHAR FLAL) STATE CH-5: LAND OFFICERS REGISTRATION AND REGISTRATION (MAKING AND RESTRAINING) RULES, 1971 BATHIL (18 VILLAGES: | URALDAL COLA GRAYANTAPITA DISTRICT: ROYA TEST RIGHT 1 NO. DEVELOPMENT AND FORM OF EDITED REGULATIONS.']"
26,BHARAT GEN/2430.pdf,BHARAT GEN\2430.pdf,,['The']
27,BHARAT GEN/244.pdf,BHARAT GEN\244.pdf,"?

???????? ????? (???. -?. ??. ?)

?? ? ?. ?. 810

???? ??? ?? ? ????? ??????????
??????? ??????? ??????. ?????? ??? | ??? ???? ??
??? ??? ?????? < ??? ???.
?” ?? «>
>. > >. ? ?? ?. 3-8. >
???? ?????? 9? /? ??? ???? ??? --1-€-> ? ?
3 (? ?? ??? ?? ???? ??. 1 ???
?? ? ? 0 ?, ?? 7
'??????? ? ?? ??????????????????? ? ???????????
? ? ??,
? ?????? “?? ???????? ???? ?????? ???
6:18: ?
2???/????
???? ? ?? ??? ? ? ???.. ??? ??. 2... ?. ?
?-?” ????? 001?11 2?.. ?? ????? ????? 77 ???????? ???? ?)
? ?? ? ??? ”
? |
???????? ???????? (?? ??? ? ?????_2?? 4 ??? |
2?13771 ""??
?9 -
> ????????????? ??. ??????? ??? > ?1 ?... ???? ?... ?, ? ? ?
???? “????? ??? ?? ???? ??? ??? ??????/( ??-?? ?
1?5 :7 ???
?? ?//% ??? ? 6 22????
??? ? ? ?
?? ??? ? ??
??
? ? ? ?? ???)
| ? ? ????: ????? 5:?7 ?? ? ?
??????? ??1?-?? ????? ????? ????? ??? ?27-72
? ||
?? ?-? . ??.
> ??. 0? (>. ? ??? - ? ? 3:?1»
?? (???????? ??? ???... ?7????? “?????? ??? 3?
> >” ?

?? 6 > 2
??? ???? ??

?? ?

- ??? ? ????? ) ??. ??. 8
?????? ??? ??? ????????? ?????

?????

>. “????? ???????????? ???? ????? ????????
1?????????? ??? ????? ??? ????? ???? “??? ?
?? ?
?
? 0 |. 295 ?
? “27 ? ?? ?? ? ?? ? ? ??
? ?? |
?. ? ?
???? ?

??????

","['Ha Hakkachhe Panchak (Village-No.6) Ga HA 810 Na Kaar Sha. Tafsani Narmalar Sequence Haka type. Pavan Nagar and Sahi Kiva Ro Nabar Ghot Hase < Kava Shara. R ""T"" >. >. Na Ath A 3 - 8. > Kri Vararach 90 / 6 Kala Nikad Larkar - - 1 - €- > Na K3 (8 Vad Mala Sakalya Pag. 1 Tr Re in 8 0, Te 7\'Sanwar 1 Banasadmajatrashanya 5 Njralar Na A 19, Katya ""Bha Vlai Naiv Shahiya Va? 6: 18: 18. 2448/8855 Jyae K Nat Div Aa. Rya He. 2. UH 1 - 4"" Addiction 001611 2E Darchil Rpa Raval Mavut 4. ""Na Kshay Kshay Kshay Kshay Kshay Kshay Kshay Kshay Kshay Kshay Kshay Kshay Kshay Kshay Kshay Kshay Ksh']"
28,BHARAT GEN/2455.pdf,BHARAT GEN\2455.pdf,"_ )  ?.????.

?? ???????????? ??????? (?????? ???) 222
[?????????? ???? ?????? ??????? ?????? ???? ???????? (???? ???? ? ????????? ?????) ???? ???? ????? ???? ??]
?? ?????????? ???: 7?????????? ?? ???????

??????? ?? ?: ? ?????? ?????? ?????? ? | ????? ???????????
????????? ? ?????????? ?????? ??????? ??????? ? ?????????? ???? ????

? (??? ????????? ?(?19)9
??'????? ??? ???. 20) 92/90

???????? - ?????????????

??? ??????) ??????????????? ?/9/?9 ???????????
??? ???? ?. 5?11) ????????-???????-
? ?????????????. ???? 507? 2 &/?91-9 0 ??! ???????? ??

??????????????? : 5 ?2 5??2/*- ? ? ?

????? ? ?, 6?. ?? ? ? 1 ?.

?? ???? ?????7-? - ???? <?????? ???? ??????

-??????? ??? ??????????? ??????/ ??? 1 ?? ????

""??
??????? ??? ???? ?. ??.
???. ????? &4?????.

?????????? ?????????

?????? ????

(?? 7??'???? ?????7??? ???

?????? ?????. ? ? (?32001
? ? ? ?

7 ??????? ?? ???????? ? ????????? ) 22

",['No. ?.????. ?.????. ?.????. ?.????. ?.????. < / ID1 >. ?.????. ?.????. 92/90. 92/90. 92/90. 92/90. 92/90 92/90 92/90 92/90 < / ID2 > 92/90 92/90. 92/90. 92/90 92/90 92/90 92/90 < / ID2 > 92/90 92/90 92/90 92/90 92/90 92/90 92/90 92/90 92/90 92/90 92/90 92/90 92/90 92/90 92/90 92/90. 92/90 92/90 92/90 92/90 191-9 92/90 92/90. 92/90 92/90 92/90 92/90 92/90 92/90 92/90 92/90 92/90 92/90 < ID']
29,BHARAT GEN/2552.pdf,BHARAT GEN\2552.pdf,"?? 9

?. ??. ? ?.
?????????? ??????? ?('?????? ????? ) 19: ?
?? [ ?????????? ???? ????? ??????? ?????? ??? ????????? (???? ???? '? ????????? ?????) ????, ???? ????? ???? ??]
??? :-??????? ? ?????? ??????????? ??????:-???????? ??
??????? ???? ???????? ????????? ????. ?????? ?????? ?????? ? ????? ???????????
?????????? ??????? ??????? ?????????? ????? ????
'?????????? ??????: 9? /&/ 9:2_ &??- (??
(????) ????? ?????????? ??????: 99/?/972_- ? ? ??? ?
???????; /????????? ???
?? ?? ???? ? “?? __ 201 ???--
? ???? ???????
??????????????? 29 ?? ??9?. 72? ??/? 12??90 ??) /4 ????
???????????? ? 3, ??, €??/- ? ??? ? ??0
??? ????? ?????. 8, ??, €?0/- ??? ? & ?? 49,

??
????-.
?? 9?(?]2?59-?
????? ??) ??) ???????
3?<9???? ??
???.
|
0 (.2-1?
???? ??????? - ???

?? ??????? ??. ?????
??|?]?????

","[""Dr. 9 M.G. 8 M. Register of Alterations 5 ('Alteration Sheet') 19: A [Rule 10 of the Maharashtra Land Revenue Officers Records and Records (Preparation and Maintenance) Rules, 1971] Village: - Rachekakale & Taluka Charakavura Chanilv: - ?????????? ?: Revised authority of record. Roll Number of Sub-Divisional Assessing and Testing Officer affected Sub-Division No. Date of Initial Signature or Share Transfer: 95 / & / 9: 2 & 80- (Dat (6454) Date of Receipt of Intimation: 99/8/972 _ -Rat 401 | Transactions; / ????? ??? ?? ??? ?? _ _ 201 411 - 4 ???? ????????? ????????? ???????????????? 40 29 1090.720 18/4 121090N) / 4 ???""]"
30,BHARAT GEN/2564.pdf,BHARAT GEN\2564.pdf,"? ??. ??. ? ?.
?????????? ??????? ( ?????? ????? ) ? ?
.[ ?????????? ???? ????? ??????? ?????? ??? ????????? (???? ???? ? ????????? ?????) ????, ???? ????? ???? ??]
??? ????????????? ?? ?????? :-??????????????? ?????? :-7?????????

?????? ?????? ?????? ?| ????? ???????????
?????? ???????? ????????? ?????? ? ?????? ?? ?? ??
?????????? ??????? ??????? ?????????? ????? ????

????????? ??????: .2??/?/?????
?????????? ??????: ? /</?20290_

? ? ??
?? ??????? ?? “?????
2012???
?? 2???1?????? ?.
??? ??, ???*0)%? ?0
| (??? ? ??:??
2 28?? ??549 ??) $.-
???>???-?? ??
? ???
? ??? ???? ?? ?
?)???? ????

??) ?? 26 /???????? ????? ,

*?????? ?? $

? ??
€) ????????? ??????? ??? ??? ??? ???????? 2?

9) ??? ???? ??????????? ? ????
"".??/??

","[""F. M. Ga. 8 M. Register of Alterations (Alteration Sheet) A. [Rule 10 of the Maharashtra Land Revenue Officers Records and Records (Preparation and Maintenance) Rules, 1971] Gaon Pagachchikalte Par Taluka: - Bhayalhadraka Dist.: - 7. Geo-estimation affected by flood and. The nature of the authority acquired by the testing officer includes the land's serial number, subdivision number, initial signature or date of share sale. 217/9/81018 Date of receipt: M / / 820290 _ YRK Khalapur District Ranamad 2011 to 2BH1Thethki S. 207 10, Shabhe * 0)% 4 20. (Ken & ID1 > 280449 205 50) $. -Dl > 010-YE PE 8YE 8YEYEYEYEYEYEYEYEYEYEYEYEYEYEYEYEYEYEYEYEYEYEYEYEYEYEYEYEYEYEYEYEYEY""]"
31,BHARAT GEN/2620.pdf,BHARAT GEN\2620.pdf,,['The']
32,BHARAT GEN/32 G Order Dated 06-02-2006.pdf,BHARAT GEN\32 G Order Dated 06-02-2006.pdf,,['The']
33,BHARAT GEN/32 G Payment Receipt.jpeg,BHARAT GEN\32 G Payment Receipt.jpeg,,
34,BHARAT GEN/32 M Certificate.jpeg,BHARAT GEN\32 M Certificate.jpeg,,
35,BHARAT GEN/341.pdf,BHARAT GEN\341.pdf,"??????? ????? (???. ?. ??. ?)

?????? ????????

1. | 2 3 ??
???????? ??????? ??????. ???? ???? ??? ????? ? ?
????, | ??? ?????? ? ??? ? ? ?
? ? | ?: ? ?
?? ?????? 5?????? ??? ?????? ?????? [??2 ? ? ?
?. 2) 27. 5 ?? ???...
? «> ? ??????????????? ???????????????????????? ?2?27 ??? ??
: ? ?????????????? ? ????? ?? 4195)
? ? ?: 7 ????? ??? ? ??? ?? ?? ??
?? ??????? ]????? ??? '?????????????????????? (?? 7.
1 ? ? ?.? ???
??). ?? ? ?? ?? -?? 3???) ?? ?? ?? (? ??? ? ???) ?? 2-8
???? ???????? ? | (8?? * 1 ?:
? | 1 $ (? ?? ? ??????? ?? &????&| ??
1 ?? | ?) ? ?? ? ??. ?
? ?? ? ?? ?????
29% ??????2?]?????? >?????? ??? ?????????? | ? | ? ?
(?? ? ???????? '???% ???? [?? ??? ?? ??? ? ?
? ? ? ?
1 ?$ 7 ? 1
?? ? ?????????????????? > ?????? ? ?9? -? ?
?? ? ????????? ? ??
? ? 2 ?.
?: ??? 2 ? ? ?
'? 2? ???? ?) ? | ????- ???? ? - ? 1 ?????! [?
? ?? ???? ???? ? ??? | | ??????
?? ?????) ?? (
>
? ? ??? ??? ?? ?????? ??????? ?? ??? ?? ?
&. ? ? ?? ?? ????????????(? | ? ?
? '?????-
??... 5.1 ? ?
?
50?. ?? “?????? ???? 3????????? | ?
?? | ?!
| ?? (?: ?
(? ??.? ???? ??? ?? ???? ?? |
?. ? ? ?? ??9 ???? ? ???? ??? ??? ? ??
????
?? ? ? ? ? >: - ?
? ?0 ????? ???? ? ??????? ?? ? ? ?? ? ?
|

???? (? ????????? ?? ???????? ??? ?? ???? ?
?4 ?

?. ?? ? ? ? ??.
(?) (??? ?? ?

? ? ? ?????? ??? ??? ???

?» 0> ?? $ ?? ?? $
] ? ?? ? ?

??
","['Patchak of Hakka (Ga. No. 6) Maalil Kachalele 1. | 2 3 Anunram Hakka type. All numbers and Qin Na number, | Pot part 1 Sahi | Na and 4 Da. 6 Ra Ha Tarashiv 5001967 viz. NP Errrrrrrrrrrrrrrrrrrrrrrrrrrrrrrrrrrrrrrrrrrrrrrrrrrrrrrrrrrrrrrrrrrrrrrrrrrrrrrrrrrrrrrrrrrrrrrrrrrrrrrrrrrrrrrrrrrrrrrrrrrrrrrrrrrrrrrrrrrrrrrrrrrrrrrrrrrrrrrrrrrrrrrrrrrrrrrrrrrrrrrrrrrrrr']"
36,BHARAT GEN/369.pdf,BHARAT GEN\369.pdf,"? (> ?. ?. 8 ?.

??????? ?????. (???. ?. ??. ?)

1 ?? ????? ? ??? ?? ??? ??????

? ? ?????? ??????? ??
??????? ??????. ??????? ???. ??? ????? ????.
??? ??????. ?
?
>
? (?
6 1 ? ?
? ? ? ? | ?
?? ? ? '
? ? 1.?.
?? ? 7 ”
?? | |
??
| »
> ??? ? ? ? ???
“???? ???? ???????????????? | |
?? ??
? ??? ? 1 ?
??) ?? ??? ? ?
| |
? ? ? |!
??! ???
2???1? ??
??
??; ?????.
??
?
? ?? >” - - ? 1
? ?. ?? * 6? ? 1 ?
?, ?
| ?
€ ? ? ?
?
| “?? ? “? ?????????????????????? ?? ?
? ? ?? >. ?? ? ? ?? ??

4
?

","['Na (> HP8PHKVACK (G.No.4) 1 HAKK KANDA PALLAT These facts are avoided by checking the type of the drug. TINNNER AND. SAHI OR HORA. PAATH PHASE. R > Na (1 6 1. 4AKR. R CHERA G | | 1. 2. D | 7 ""Ka"" | Ra | ""> R U | DAR"" GAYE NITA SHALTAPHAGTAPTERAT | | | 4HIL 4 1 | RAI) BHAI R | | 1R |! HI! RY 214011 | | GAMB; RATDAKE | | 1 SHAPE > -- 1R 3. Nu * 61K1NO1, | | R | | LARR | | 9G KIPPALLUTTAMPALTAMPALTAMPALTAMPALTAMPALTAMPALTAMPALTAMPALTAMPALTAMPALTAMPALTAMPALTAMA | |']"
37,BHARAT GEN/420.pdf,BHARAT GEN\420.pdf,"??. ????? (???. ?. ??. ??) 38-10 ?- ??? 854.

? ?... ?? ??? ??????????
??????? ??????. ???? ???? ??? ? ? ?
??... ??? ??????. ?? ??
?. ? ? ???? ???? ? ? “? ?
????? ???7 $??/?-? ? 2 ? 155 ? ?
?? ? ? ? ?. ? 4 ??? ??? ?????
? ? ? ? ? ??? ???? ?
?? ???. ??? £)) €-& ????? ?? ?? ?.) (???? ??? ???
? ? 4 ???? ?????????

? ? ?
??? 7 ? ? ? 2-9? ???????????????????
?. 22 ???? ????? ?????????? ? ? ? ??

?? ? 8 ???? ??????

????-????? [! ? ???? ?? ?? 1 ? ??? ? ?? ? $ ?????????? ??????????
?? ?... 22. 2 ???: ??? ?-4 ? ????????? ? ???
??? ? ? | ? |] 2
€ > ????” ????????????
? ?? 2 / ??? ? ?? ??, ????? ? ?? > ?
?? $ ? | 52% ?/[??4%/ ? ?? ???
4 ?? ? ? 1 ??.» ? ??? ?
| ?? ? 4 > ??
? ?? ??? > ? ?. ? ? ?
?? ?? ? ??. ---. - ? ???
???? ? 1- ? ??? > ? ?? ? ??
? ??? ?) . | ??? 8?/8?/?764 ?? ?? 32 ? ?????? ? ??
? (? ??? ????“ ????! ?...
? ? ?? -?/&? ? ?? ??€>2????? ??? ??4 > ??
? “? ?? ??? ??? ????? ?? ? ??. ?? ?? ??? ?? ??? ? ? ? 2

?? ???): 7 ??? ??? ????? ??? ??? ??? ??? ? ? /“? ?? ??
??? ?2.
?? (?? ?????? ???

-(???/ ?7? 9
? ?), ???. ? ? ?? ? 273)

| ?? ??. ?? ? 2. ?
3. ?? ??
??, ? ?? ? ?? ?? (?
? < ? ?

? ?????? ?????? 7??4? _ &8: ???????? “30/????? 1 > ? ??
?????????? 4 0 ?????? ? ????. ?? ?? ? ?? ???? ?. ?4/0.__
? ??” ??? ?? ????? ?? ? ?????? ??? | $%< 7 ?

£- ,7<??? ?? ??? ?/??-???

20 “ ??????? ???? ? ??? ????

? ?? ???????? ??? ?? ? ??
?? ? ? “2? 2
?? ??. ?? ?? ? 91 4 ? ???, ??? ?? ???

?? ?? ??2 : “5??</< 2/5?: ? ? ?? ?? ? ??
3 ? ? '€??? ?
? ? [??2]
??? ? ?

?

? ???

",['Th. Punchak (G.N.N.E) 38-10 f-jr 854. Aa. Aa. Tr. Right Type. Sarb No. & C.U.K. Stomach. Rajat Tak. Aa. Nina. Njha. R. U. Naske 2807 $01/8 - K2A 155 & U. | KR. 6 4 N.Sani. Pt. 9 U.J.A.A. Tse. Th. £) €- & Wat Tug Sha.) (Shats Chet & Na 4 Halna. A4Tny.08 & Mahi 7L. 2-91 Halsarachikhsamsa. Na. 22 Oct. Kitna. Silichyi 0. Bham 41 1 8 Vs. Stly Ans-S. [! h Mili nad t? 1 Pr. $.']
38,BHARAT GEN/445.pdf,BHARAT GEN\445.pdf,"?? ???? (???. ??. ?. ?8)

?????? ??????
??????? ??????. * ???? ???? ???
???? ??????.

??

7?????? ???? ????? ?
??. ?. ??. ??
?? ???????
? &: 3. ? ? ? | ? ? |]

?. | ?

1 3? , “?? ?. ??) ? ????
9

? ??????? ??????????????? 1 ?-?.
??? > ?????? ? 4 ???
???? ? ??

??? ? _(2---)

1. ?????????????????????? ??. ?. |. 26) 4-2 <%-

] “?? ??????

? ?
???????????????????????????

""????

",['Han almanac (No. 48) Modified form of right. * All numbers and parts of pockets. R: 7Zeresau serl Sürzer r. 21Zeresau serl Sürzer r. 21Zeresau serl Sürzer r. 21Zeresau serl Sürzer r. 21Zeresau serl Sürzer r.']
39,BHARAT GEN/453.pdf,BHARAT GEN\453.pdf,"?? ???? (??. ?. ??. ?) ? ??.8

?????? | ????????? ? ? ?
??????? | ???? ? ?????? ???????????

????? ???? ??? ??
????. ??? ?????? ??? ????? ????.
? 7 ?????? ??? ???? ?? ???
??
?
|
?...
??
? ? ???????? “? 0-5.
? ? ???? ????? ?? ????????????????????? ??
? ?? - ?
.""???????????????? ????? ??. (??-??) ?? 6
??? ????? ?? ?????? ??? ????? ?????? ? ?????? ? ?
? ||
1 ?????? ???????? ????????? ??? ????. ????? '???? ?? ???? ?"" ?
?
?????? 4 - ?3.? * ????? ???? ?????? ???. ??????
??,
???????????????????? ?
1
|]
?
?
(??. ?? ? ?? ? ?2 :. ??? >
?? ??? ? ?? *-- ? | ?-? -?' 7
?? 1. “??? ??????????????????? ?
?? ?..? - ??
|

! ?? ? ?. ? ?? ??? ??? ? ?? ?
] ? ????????????? ?? ???. (72 ? ??) | 225?2

??

?????? ????? ??: ??? ?? ??? ?? ???? ? ?
??? ?????? ?????? ????????. | ?

?? ????????? ?? ?? ??-

???

* ??
*]

?? ???????????? ? ?? ? ?
?? ??? ?????? ???????????????]

?
3 ?. - > ????

3 ?. ? |
? ? ? ?? ? 3
? ?.?»
? ' ? ?? «? “2?7 ?? “?
? ?? ? ?? 2.25 ? 1 ?? 1 ???
4 | ????

?: ??????. ? ?????? | “?? 6

?

? ? ?; ??? |

","['Gha Pakka (G.No.3) and 92. 8 Ladocha. Karfarzad na un Sequence. Kacha paa checker\'s survey number and K no. Pote hise sahi or dora. Ha 7 tista tak yakta vaara. | | Ka... du k a mravaane ""4 0 - 5. Na. Jaajay varna de rghraiparchachchachchachchachchh. Shhhhhhhhhhhhhhhhhhhhhhhhhhhhhhhhhhhhhhhhhhhhhhhhhhhhhhhhhhhhhhhhhhhhhhhhhhhhhhhhhhhhhhhhhhhhhhhhhhhhhhhhhhhhhhhhhhhhhhhhhhhhhhhhhhhhhhhhhhhhhhhhhhhhhhh']"
40,BHARAT GEN/465.pdf,BHARAT GEN\465.pdf,"?. ?? 3

??????? ?????? (???. ?. ??. ?) ? €£

??? ?? - ????????
??????? ??????? ????. ????? ???? ???
???. ? ??? ????.
????: 1: :8- “??????-??? ???? ??????????9-?-8-??--??? ?? * ?? : ???????

?? ?? ????.

?????? ??????????
??? ????? ????
? ?-?“ ? ?? ??? ???? ? 83?1

?? ??

|
?

?

???

/ ? ???? ??????? ???????? ??? ????. ???? ????? -<??-. ??????
???? -.- ? -< < ???? ???? ?????? ???. ??
?????????????. ? ?

???. . ?.) 0. ?? ??% |

?
1: ???????????????????????. ????? ?: ( 3: “4 ?

? ?????????????????

> _-- ???? ?????? ?? ????????????????? ??? ?? ??.
(??%)... ????? ????-«.*-- ?. ??. ?. ???? ??. ??, ????? , ??????, -. (? ?.?!
? ?. ? ? ?. ?? “?????????
????? ????? ?? % ????? ??????? ?? (35. ??

? ? ? ? *- $$
. ? ? ?... ? ?? ?? ? ? |] ? 2 ”?? 24:?6. ?

$ «> ?
? ? ??,
? ??? ???? ???? ??? ?????? ?????? ? ???? ? ?

| | |
| ???. ? ?. 3-4 ? ”
? ? ?? ??? ? ??? ? ? ?? | -
? ?? ??? ??? ??? ???? 23 ????? ??? 3
? | ??? 33 ? ??? ?? !, >. 1
1 '_. ?? ??-?../ ? ???? ???. ?????? ????. ? 2?? ?
?? | ? ), ? ?

? ??
“???? . ??? ??? ??? ???? ???

?
?
|
?
?
] ???? ?

","['1. Ek 3 Hakka Paksaka (Ga. La. 7) U â €""Hakka Paksaka. Survey No. Nabar. Nabar. Pet. Din. Blue: 1:: 8 -"" Khanda-Ti Para Fertilization 9-5-8 -Jâ €""Yen Ni * sak: udhal ak an ak part. Checking Officer\'s Signature or Shora 1 2 - 2"" The Har Avi Akta a 8341 ho ar / u copper occupier. Reduced from Ar. Islay- < Na2-. Zeyih\'s Hahla-. -8- < Sheji Pura River ah. Pa Gasherpamuttyel. R. Sao.) 0. Jhar 22%. R. 1: Outakultiratjar. K.A. (3: ""4 a. Nasasas-Kasas-Nakas-Yes."" 78%.']"
41,BHARAT GEN/470.pdf,BHARAT GEN\470.pdf,"_ ??????.

?? ???
???? ?????? ???
??? ??????. '

?? ?? ? ??? ??? ??? ???

??????? ?? (???. ?. ?. ?) ????? 50

?? ????? ? ?? ??? ???

??
?. ?. 87

1-* ? ????? ???????????
??? ????? ????.

""?. 3)

2 ??
??? ?? ????
???
“?????

>
????? ?>??? 4

???” ???
????

?? ?? ?
??!

?? ? ???????

?? ??????? ?
??

? ?

?? ??) ?

?< ""??? ????

3 ?
??? “???? ????$?% ??

?.
??????

??

? *- ?)"" ??-?

????????????????????????????????????
?

??

???.

?? ?? ?

?3. ??

??? ?? ????????
? ?, -
??? ? ??????? ?
?... ?.
???? 2
?????

??.
?????? ???? ????
?.

????” ??? ?? (2101?)
? |
?????? ???????????

?? ?? ?? |

????? “??. ?????
? ??

?? 0 ?? ?????

?
??.

?? “??? ??????

8. “? 1
?? , ??????? ?)
??) ???

6 ?4? ?0 ?4$_-

??? ???
? ?

???? ????? ??????? ?? ????

? 2

","['_ type. U sh serb number and stomach part. Pa mi ta sik wiin kwa hakke pak (Ga. No. 6) ts 50 ta jalla ta tapa vamari ki hr 87 1- *. Taksana is the signature or shera of the bearer. S. 3) 2 ri mana 01 s 174 b 565 > shave na > de1 4 aate ""kahd niyat bhrashe na rab! naal r nsto ai bhutbhapt ra shas na 7 chash kas) and 3 < st anil 3 1 hasa"" dhya alu $7% 61 9. modya ma l * - 3) ""67-0 sphelaktupatayathashorepashkasa kai lp. Hadp 64 m 13. Ni uba ip nshpya di a, nare 1 chastila kr. Kam. 2 365 sc.']"
42,BHARAT GEN/482.pdf,BHARAT GEN\482.pdf,": ??? ?????? ??????
????? ???? ???

3101 ??-?2/1 ?? ??

?

? ??
?“ ?? ????? 7 ????? ???? ??2

?,

? ? ?? ? ? ????
«????? ? ???2??2?/

??

? 2 ??? ?????? ?? ? ?.3 ???
???? ??. > ??? ?? ? ? . 5.

?? &257 21 ??

” ? ?

","[': How the manipulated survey number and 3101 day- 42/1 party was that the ""Judges were not 7 but 482, and not 8 3rd"" Natachi 2 Dec 22422 / Ja 2 Tjili 8 6. 6th. > Kan T R 5. Da & 257 21 Da.']"
43,BHARAT GEN/483.pdf,BHARAT GEN\483.pdf,": ??? ?????? ??????
????? ???? ???

3101 ??-?2/1 ?? ??

?

? ??
?“ ?? ????? 7 ????? ???? ??2

?,

? ? ?? ? ? ????
«????? ? ???2??2?/

??

? 2 ??? ?????? ?? ? ?.3 ???
???? ??. > ??? ?? ? ? . 5.

?? &257 21 ??

” ? ?

","[': How the manipulated survey number and 3101 day- 42/1 party was that the ""Judges were not 7 but 482, and not 8 3rd"" Natachi 2 Dec 22422 / Ja 2 Tjili 8 6. 6th. > Kan T R 5. Da & 257 21 Da.']"
44,BHARAT GEN/489.pdf,BHARAT GEN\489.pdf,"??) ???? ?????? ?????
-????<<4 7 ?? | ? ?

227 970?292

?????
?

??? ???????????????????? “??? ??:

* ?
1
? 9.??/?/ ??2) | ?? ??. ? ? ?? ??
????? ?????? ????? ??? ????????? ? 9:
( ] ???

| -??????? 771?
? ? ? ??? ??? ??
??. ? ? 4: | 54: 1. 1:23 2 > ?. ? ????

??? ??-5 27 “5. ?????.... 7?“: ? - ??? “??? ?? ? ? ??? ?? ??????

?? ? ? ??? ????????? ???? ?? ??? ??? ??? ?. ?

?: ? ____ 1: ??? £_ ?? ?? ?

???????????? ???? ???? ?? ???

?
??.

422 ?) ?
? ? ? ? ? | >
????? 7??????? ??? ? ???? ??? ???????? 7??????? ????????? ?

????

?????? ??? ???????????????? ????2????? ????????? 1

?? ?. ? ??
?????? ??? ??? ??????????? 7??????????>???

????... ? ? ?
? ?? ???? ?? ?? ???? ?????????????
1 >. ?? - ?

]????????? ????? ??? ?? ? ?? 1 ????????

??? 4 ???
??? 27 (2844 ????????? 4 €&
?. ?2?
???? ??? >
? ?? ? ??? ???
? ?? 27<2_ ???? 2/21?? ?? ?? ??? ? ?)/2. ??? >) >“
5. ??? * ??...

?

","['00) Sya vcha nbu-lvari < < 4 7 han. R 227 9708292 chapati and Nasav Kelsone\'s Di J: * Y 1 8 9.88/1 882). Ra T. Ka na T. Ki pahana na ti pahanaatall nagwa min rgchtg k 9: () navad. - Nves 7715 cha 8 na sashas ts aa 4: | 54: 1. 1: 23 2 > K. K. Trast ka-5 27 ""5."" Alka... 70 "": Har-Ran Raj na ga nach ras: Na kr lorolchan satt bha nasha vaat 1. Rk. _ _ _ 1: Ahi £_ lak yan na kavalnatakana kille min ti hara ra kath. 422). And 1: 1.']"
45,BHARAT GEN/50-1 Sale Deed of 8806-2024 Dated 17-12-2024.pdf,BHARAT GEN\50-1 Sale Deed of 8806-2024 Dated 17-12-2024.pdf,,['The']
46,"BHARAT GEN/50-2, Bhilavle Khalapur 1986-2022.pdf","BHARAT GEN\50-2, Bhilavle Khalapur 1986-2022.pdf",,['The']
47,BHARAT GEN/506.pdf,BHARAT GEN\506.pdf,"? ??????
??????? ????????. ????? ???? ???
??? ??????. ?

?

???? ??? ? ??? ??? ? ?? ??? ? ??

“??? ?
? ? ?? , ???.
??? ???? ???????? ” ???? ???????????? 227 ??? /“ “??7??? “£,' 27?9-11

?, ! *- ????????? ?...
?? ? ? &-_... ? -- ??
?? ?????? ???? ??? ??

?
? ? ?

??. ?? 12! ????
?
?? ??

??
??
9
???
?? ??
??

?? ?????????????????????????????????????????..:7????????????????????

? ?? ?? ?
|
??
?

23- ?? ? ????????????? $
????????'???????????????? ??. ??.
?? ?

?? ? ??? ? ???. ?
??? ???????? ?? ???/7” 7636 ???

????? ????????????????????
??

?????? ????

???
","['The number of the right. The survey number and the stomach area.. u within the same ch shok paas aa aa aa aa aa ko kak ""nahar na s r she, dir. vr s s s s s s s s s s n y"" saj s r 227 naa / ""467468"" £, ""2789-11 r,! * - - - - - - - - - - - - - - - - - - - - - - - - - - - - - - - - - - - - - - - - - - - - - - - - - - - - - - - - - - - - - - - - - - - - - - - - - - - - - - - - - - - - - - - - - - - - - - - - - - - - - - - - - - - - - - - - - - - - - - - - - - - - - - - - - - - - - - - - - - - - - - - - - - - - - - - - - - - - - - - - - - - - - -']"
48,BHARAT GEN/52-1A old 7-12 1995-2008.pdf,BHARAT GEN\52-1A old 7-12 1995-2008.pdf,,['The']
49,"BHARAT GEN/52-2, Bhilavle Khalapur  1986- 2022.pdf","BHARAT GEN\52-2, Bhilavle Khalapur  1986- 2022.pdf",,['The']
50,BHARAT GEN/549.pdf,BHARAT GEN\549.pdf,"??????? ?

??????? ??????.

“??? (??. ?. ?. ??)

2? 020

????? ???
???? ???? ???

?????? ??????????
????? ????? ????.

??? ?????????

???

2.??. (?/ 9 <<» *€__

1. ?. 8 ??.

","['5 Right form of Dacca. ""Chani (G.N.Dai) 28 020 Farfar Jha: All numbers and checker\'s saw or drawer.? v Mltr Sr.2.188. (1 / 9 <"" * €_ _ 1. p. 8 PO.']"
51,BHARAT GEN/553.pdf,BHARAT GEN\553.pdf,"? ? ? ??.” ? ? .-£
????????? ????? (???. ?. ??. ?) ?-? . ?. 8 ??
?:
? ?
?... ????? ?????? |“... ????
??????? ??????. ????? ???? ??? | ????? ????
??? ?????? ????? ????? ????.

???? ?? ?? ???? ?? ? ?
? |
? ?? ?? ? ?? _ ?? ? ?
7?????????? 0????????????????-?????????????-- ?>7??????????| ?-7)
” *- ? ?? ? 2?.7?»
? ???? ??? ? ? ?? ?? ?? ? ??? ? )
??? ? ? .?/-?

?

?

|
? ?: 1
. ? ?, ? 1 4

?? ? ??
?? >... ? ? “?? ??, >>... ?? ??? ??. (?. ??
???????? ????????? ??? ?? ? ??? ?? € 2 ??? ?? ??????? ??????????? ? ??? ??
?? ?
??? ? ????????? ??? ???? ???? ???7???????? ??? ???? ??? ?

???????????????0???? ???? ??? >. ?, -
” ? ?. :- ” :“” 7 “?? -7 ?? ""??? ??7??? ?  ????97 ?
?? ???? 7?????????? ??? ???????? ""'$??7????7???? ?? ??7 ? ?? :
? ?? ?? ? ?? ??? ?? ?? ??? ?? ? ??) (?? ? ?
? ? ??.
???? ?. ? ?? > ? ?,
?? 7???? ???????? 7????????? ??????£ ? ??-?
? *-
?? ?? ?? ? 3.“ ? ?? ] 211 2 ? ??,
? ? ? ?? ?
? ???????? ""??????? - 7????-? ??? 3 ????7 ?, ?? ? ?
? ??
?? ] 17 2??%?? 65% ??? ?? ,
??? ? ?? ?? ????? ???-?????? ???? ???
] ???
""??? ??? ??? ? ???? ??? * ?? ?4 “ ? ? 2 & 3?? ? > ??. ??

???>?????? ??? ???????????? ???
?? ---- ??????????????????????? ?

? ? ?

???????7? ?? ??????? '???? ??? ?? (?./>) ??? & ? 2

?

|
?
1 ??

?? ?)... 8-2“. ???] ! 2). 39 ??
> ?

? ?49? ? ?2? ? - ?

?

?...
1 ?.

?
??????7? ??????7? ???? ??? (??% ??. '&%9?/ > - 39 ? ?
?. ?.3 ???? ? ?? ? ? (> > ? ? ?
? ??? ?????????? ? ???? ?? ???
“? 7 8: 3 € %??/?/ ???_ >) ?-€ ?
?
????????? ????????????? ?? $ ?
? ?? ”
|

","['AK 7 15. ""4 8. - £pukka\'s panchak (Ga. No. 6) 7 - 8. Pa. 8 47th: Ka... Farfara..."" Kalwa Hakka\'s type. Survey No. &. Pirish Amal Ghote Dishte Saddi or Dora. Nabha Gag Ni Taka Ti A Ga. Ni Je Ki _ Ru 3 U 7Tunt: Vde 0Npachtwtet - Chajjrelns - - & > 7Tunnya | 9 - 7) ""* - I fear 26.79"" 3 te k rah: dun ja a kaka aa) Trr 9. 8 / - | Q: 1 & 1, 1 & 4 chakra chai >... Chai ki, > >. Sak Je Di (9.']"
52,BHARAT GEN/599.pdf,BHARAT GEN\599.pdf,"?? ????? (???. ?. ??. 6)

?? ?????? ???

??????? '?????? ??????????
??????? ??????? ??????. “ ?????? ???? ??? ???? ????.
????. * ??? ?????? ????] 8111

?? ;/ ? ? ?? ???7??????????? 0 ??/

??? ?????????? ?? ????????????????????????? 7 ?????????? ??????? ????? ????? 93???/ 6
??? 8 ???
???4 ?

? “???????? ??? ????????????????????? ??? ????? ????????????? ??

? ? ?... (? ??. -

? 7?? ????????? ? ?? ?????? -?????? ??: ?? ?? ?
?»
???????????? ????????? ? ?? ???7???
?
|
?? | ?? ?
??.?. ????????????? ????????? ????????????????? ???? “?25
1 ?????????????? ????? ??? ??? ?? ??7??????????????? ????? ?? ?????? ???? 5 ?? (? ?
?????? ???? ?????? ??? (??? ?????? ???? ???? 1
7????????? ??? ???????? ???? ? ???????????? ? ??????? ? 2?/??
? ? ????? ? ? 24? ?
????????????????? ?7???????????? ??? ??. 431. - 1. ?
“???? ?????? ? ??? ?? ????????? ?? | ??? ?? ? (7?? ?
? -????? ?. - ? (?. ? > ??? ? (? ?? ? ???? ? ? ?2? ?“ ?
[ 5 ?? ?? ??????? ??? ?????? ??? 1 ?? ??
?? ) ?
??? ??? ?
? ?? ? ?? & ? ?
? | ????? ? ??? ??. 3:- ? ?, ? “22 ??
??? ?) ?????????? ?????????????????????7? ???? ??. ?2) ?
???????? *7??? ?? ?. ????? ?? ???? ??? ???????? ??????? ?-? ?
?? ? ?? ? 2? ???
?? ???? ?? ??? ?????? ???? ??? ????? ?? ?
>
? ????? ??? ??????? ??? (???????? ? ????????? ????

||

?
?.
?? ?????????????? ?????? ?? ???? ?? ?? ????? ??

--?

?. ?<. ??
""??????? ?7???? ? ?? ???* ???? ?? ? ? ? ?

?
?
|
|

","['De Patchak (Ga. No. 6) de manipulation of the yacht records\'type of check bandarach sequence right. ""survey no. & bwa jora. No. * belly share sahadi] 8111 pas; / | k narrst: nerra08 / uke dostivti v. tuplekkaradhyajdupu7 jasawpu: 93080 / 6 jr8d1084 6."" nshana salah valyalkavtak: rsa talat manya phatdalsacha wa. R.A. (rrd.-sh7ho kandelra ta ja chliv-kakskan de: te ni h 9 ""kalnantaya bdrt g fach nk7mt g. Ta.']"
53,BHARAT GEN/686.pdf,BHARAT GEN\686.pdf,"?. ?) ? ? ? ? ?? ??. ? ?.

?????????? ??????? (?????? ?????)  ”  : 18.” ? ?. ??.
? ?????????? ???? ????? ?????? ?????? ??? ????????? (???? ???? ? ????????? ?????) ???? ???? ?????. ???? ??1
???? “?? ??? ??????. ????????????? ?????? 7 ????????
??????? ?????? ???????? ????????? ?????? ?????? ?????? ?????? ? | ????? ???????????
?????????? ??????? ??????? ?????????? ???? ????
??????
?.?? ?? ? ??? ????-42. ?? ? «??? ?.
?? ? ??? ? ??-?? 2- ?“ 2.
??? ? ???:
? (???? ??????
??????? ? ?? ?? ?. ??? ?? ? ?????????
????????? ???? ???? ?????

?

""???????????????? ????????? ?????? ????

?? ??. ? 15 ? 0?.
? ""???? ??? ????? ??? ??

?.
???????? '???????????
- 26??8) ??) ???

","['A.A.) and G. 8 M. Register of Alterations (Alterations) "": 18."" H. 4. H.B. Maharashtra Land Revenue Rights Records and Records (Preparation and Maintenance) Rules, 1971. Rule 101 Villages ""Sad Balle Taluka. Shrjapspur District 7. The nature of the acquired rights of the property. The nature of the acquired rights affected. The serial number of the test officer does not match with the subdivision number, initials or shares.84 1118-42. V.R.G.P.: 18-51 2-No.2. 079: R (Vachana vakavas chhld a lo jakr. Hetashchichhi pasher interest ko phuraptra rishta ont japar patta tak 3. A.R. Gaikman nil ra kachchha- 3.']"
54,BHARAT GEN/721.pdf,BHARAT GEN\721.pdf,"_ ??????? (?????? ?????) (?
[ ?????????? ????? ????? ?????? ?????? ??? ????????? (???? ???? ? ????????? ?????) ???? ???? ????? ???? ??]
? > ? ????

??? ??????

??????? ?
?????????? ?????? ???????? ????????? ??????

?????? “7???????? ?????? 7????????? “?

?????? ?????? ?????? ?

????? ???????????? -
??????? ???????

?????????? ???? ????

«>
2. ? ??
? ??/ ????
???? ? ?
?

2:2/?% ?)

??? ???????? ??1 ?
???

2?//90/%05

?????

","['_ Register (Registration Sheet) (8 [Rule 10 of the Maharashtra Land Revenue Rights Records and Registers (Preparation and Maintenance) Rules, 1971] D > P Ready Village Vell: C serial number of the record The nature of the acquired right Taluk ""7Rallchhapar District 7Rallchhapar: 1"" Affected Geo Assessment and Testing Officer - Sub-Division No. Adhyakshari Kiva Shera ""> 2. Aa Hee 4 80 / S Nali K M 2:2/1% 9) N DIPUL 481 U Gala 28 / / 90 /% 05RRRRIL']"
55,BHARAT GEN/724.pdf,BHARAT GEN\724.pdf,"??

? ?? : ??????? (?????? ?????)

? ?????????? ??: ... : ????? ?????? ?????? ??? ????????? (???? ???? ? ????????? ?????) ???? ???? ????? ???? ???]
??? * ????; ?????? ??????????? ?????? ???????????? ?
??????? ???? ???????? ????????? ?????? ?????? ?????? ?????? ? | ????? ??????????? - ?
? ? ???????? ??????? ??????? ?????????? ????? ????

) ????????????????????????????????? > ? ? ? 32 7???????????
> (> > ?: ? ???
?...?? 2. ??? ?? & ? ??!

???? ???. ? ?

?? ?? ? ??? ?? ???? ??

??? ???

(?2? 7 ???????????????????

??????

?????? ?? ??2???? ??? ?? ?? ? ?????? ???? ???? ?? ? “???

","[""6. Aa Haanondavahi (Manipulation Sheet) and Maharashtra Tax:...: Revenue Rights Records and Records (Preparation and Maintenance) Rules, 1971 Tiam 101 of 1971] Village * Wela; Taluka Nchachupur District Records and the nature of the right claimed on the record affected Geo-assessment and | Test Officer's -Ras Mihikar Sub-Division Number Initial Signature or Shera) Gatallharuksratpulayanapr > H & R 32 7 Bhajbhanane > (> 1: No such 7... 85 2. Te & 9 Darr! Kisa aan. Na vi mis ni mimi mi kik kik kik (628 7 lr.""]"
56,BHARAT GEN/90.pdf,BHARAT GEN\90.pdf,"?? “?? ? “8 “? ? ???????? ? ?? ???
| ? ?! 3

??

","['Inside, ""Hee Hee 8"" was missing. | 4! 3G']"
57,BHARAT GEN/916.pdf,BHARAT GEN\916.pdf,"? ??
?. ??. ? ?.
?? ????

?????????? ??????? (?????? ?????) 37
? ?? ????: ????? ??????? ?????? ??? ????????? (???? ???? ? ????????? ?????) ????, ???? ????? ???? ??]
???: ?????8 ??????: ???? ???? ? ? ?????????????

_ ? ?????? ?????? ?????? ? | ????? ???????????
??????? ??????? ?????????? ???? ????

???? 5??? ???? ????
????????? ???????????? ??????? ???????? ??)

?????? ?????????? ????????? ??????

??

??????????? ?? ???? ? ???????
????? ?????? ?????? ????? ???? ?????
? ?? ? ? ?? ? ???? ????????

?? > 5?

?? 0?? 7??? ?) ?? ?? ?? ?? ?

? ? ?. ?, ? - ?

| ??? ??????-????? ??? > ?
? ?? ?? ????? 6? ???? ???????? ?
? * ???????????? ???????????? ????? ?

? ???? ??? ??? ? ???? ??? ??????? ??? ? ???? ????
??????? ???? ??? ???? ???
4 ??? ????????? ??? ????????
? ?? ?? 4 ? | ?????. ?22?03) 6? ????????

$ ?. ????? ?? ??????????????, ?? ?????? ?$
??? ?? ??? ??? ??????
????????? ??????? ???? ???,

","['37. C. Land: Revenue Officer Records and Records (Preparation and Maintenance) Rules, 1971, Rule 10. Village: 8. Taluka: Tana Shaik A Katakajana Pair. Affected Geo-assessment and. Sub-Division Number of Testing Officer Adyasakhari Kiva Shera Khase 50. Nalugh Baivar Kechalyan Numberanoi Jnoren Repfele 39) The nature of the right of acquisition is Taka Terebpahe Zan Doner and Oredzun Chhamran Thangere Shoreye Nhave Dhakhal Vasho: Ne 1. Tata Lachnate Che > 51 Chas 004 7SH 5). Lar 80 to Na 1.8, Ra.']"
58,BHARAT GEN/98.pdf,BHARAT GEN\98.pdf,"??

???????? ????? (??. ?. ??. ??).

??????? - ?? ? ??, >. ? ?
??????? ? ? ????????
??????? ??????? ??????. ? « ??? ??? ???] ??? ???? ???.

? 1
|
|
|
?

? ??
9? ?? ????????????????????? ?????????? ???? ?? ?

???.
??? ????? ??????? ???, .
? ??? ?? | 2?:88 42 ?

??. ?? ????
??? ???? ?? 2:?4 ?. ? ??? ?

3... >> ??

?. ??
??????? ?? ? ????? ???????
?? ?? ?777??7???? ?? ?? ? ?. '???? ????

","[""Tar Haque's Padatch (G.No.Pay). Record - Pap l Ho, >.A and record's Na Tarang's Achukaram Haque type. Barw Haer and] Khahi Kiwa Bor. | 1 | | | U Ja 96th ISNWorldWidthTesatapsyuk Hadsar Uch U Lik. Tun Basaw Halargachar Patar,. R Ani Nun. 28:88 42 K Shi Ah Taar Savu Dalhu: 2: 64 Aa. 8 N Aa 3. > > Rak K is a Lagir Takwa N Khijl Nt R R R R R 777 Da7jti Jat Hi A Ch.""]"
59,BHARAT GEN/Accessment List Form 8 -23-34 House No 4.jpeg,BHARAT GEN\Accessment List Form 8 -23-34 House No 4.jpeg,,
60,BHARAT GEN/Accessment List Form 8 -23-34.jpeg,BHARAT GEN\Accessment List Form 8 -23-34.jpeg,,
61,"BHARAT GEN/Addl Collct. Order RTS No. 5-2005, Dated 06-05-2005.pdf","BHARAT GEN\Addl Collct. Order RTS No. 5-2005, Dated 06-05-2005.pdf",,['The']
62,BHARAT GEN/Bhilavale Property Documents.docx,BHARAT GEN\Bhilavale Property Documents.docx,,
63,BHARAT GEN/BHILVALE SEARCH REPORT 52.1.A.2.pdf,BHARAT GEN\BHILVALE SEARCH REPORT 52.1.A.2.pdf,,['The']
64,BHARAT GEN/Gift Deed Sr No 1432-2007 Dated 28-02-2007.pdf,BHARAT GEN\Gift Deed Sr No 1432-2007 Dated 28-02-2007.pdf,,['The']
65,BHARAT GEN/Sale Deed SR NO 8810-2024 Dated 17-12-2024.pdf,BHARAT GEN\Sale Deed SR NO 8810-2024 Dated 17-12-2024.pdf,,['The']
66,BHARAT GEN/Section 43 - 153-2007 - Dated 15-02-2007.pdf,BHARAT GEN\Section 43 - 153-2007 - Dated 15-02-2007.pdf,,['The']
67,BHARAT GEN/Tahasildar Order - KT-4-471-2005 dated 24-05-2005.jpeg,BHARAT GEN\Tahasildar Order - KT-4-471-2005 dated 24-05-2005.jpeg,,
68,BHARAT GEN/Tahsildar Order - 69-99 Dated 08-07-2005.pdf,BHARAT GEN\Tahsildar Order - 69-99 Dated 08-07-2005.pdf,,['The']
69,BHARAT GEN/Tahsildar Order 98- Hakkanond-13055- Khalapur Dated 10-11-1998.jpeg,BHARAT GEN\Tahsildar Order 98- Hakkanond-13055- Khalapur Dated 10-11-1998.jpeg,,
70,BHARAT GEN/Tax Payment Receipt 23-24 House No 24.jpeg,BHARAT GEN\Tax Payment Receipt 23-24 House No 24.jpeg,,
71,BHARAT GEN/Tax Payment Receipt 23-24.jpeg,BHARAT GEN\Tax Payment Receipt 23-24.jpeg,,
72,"BHARAT GEN/Zone Certificate Bhilavle 37,49, 50, 52, 68.pdf","BHARAT GEN\Zone Certificate Bhilavle 37,49, 50, 52, 68.pdf",,['The']
73,BHARAT GEN/??????_2079  ??????.pdf,BHARAT GEN\??????_2079  ??????.pdf,"???? ?? ??? ? ?????????????? ?.
?? ? ??? ?? ???? ? ?????????????

?. ??. ? ??
[?? ??. ?. 8??.
?? 2?
> ?????????? ??????? (?????? ?????)

[?????????? ???? ????? ??????? ?????? ??? ????????? (???? ???? ? ????????? ?????) ????, ???? ????? ???? ??]

???: ??????????? ???: ????????? ??????: 7 ????
???????? ? ?????? ?????? ?????? ? | ????? ????????????
?????????? ?????? ???????? ????????? ?????? - ??????? ??????? | ?????????? ???? ????

(?4?2) -? ?
??????????? >> ???????????? -“.>*, 7?????? -?*, ? | ?? ???
<< $ ? ?

??????????? ?? ?? “???? -? ?? ?
? ! ?: ? ????

??! 2 2»
????? ????? ?? “?7???? ????

(2...)

??? ???? ????€5-5? ?
?? ??????

????? 9??/?/ (?? ????- '?????? “???? ???????

???? ?2 ?
? ????? << ??
? <?*_<22

??????? ??????<?<?

? ????????

9216/058 ?? ??? '????????

""???? ? ???
?? ???? ??

??

?
???? ?22/24??

?????? ??? ????????

(?.

??8> ??.

","['Lla Ch U Znddtlrt Rn 1 Savan Ap Tarr Na Achchedddya MG8R: [Hav R4.8NaK21] Record of Alterations (Manipulation Sheet) [Rule 10 of the Maharashtra Land Revenue Officers Records and Records (Preparation and Maintenance) Rules, 1971] Bamb: Indiscreet Agreement District: 7 Affected Geo-assessment of Fever Records and Roll Number of Testing Officers Form of Acquired Authority Sub-Division No. Adhyakshari Kida Shera (6482) Rnschw > > Kmdtpatra-. ""*, 7Gpd-Rk, S.K Tr < < < Na 8 Jtld Pa Al"" Nantay-Jal Rr 6! R Jitte Ju! 2 ""An Anitha Kalanhi Gnat"" (2nd.']"
74,BHARAT GEN/??????_2088 ??????.pdf,BHARAT GEN\??????_2088 ??????.pdf,"???? ??.?< ?.

? ?????

- ?????? (?????? ?????)

?? ??? 7 !- ???? ?????? ??????? ?????? ??? ????????? (???? ???? ? ????????? ?????) ????, ???? ?????? ???? ??]
?? ??????: 7 ?????????? ??????: 7 ?????:

? ?????? ?????? ?????? ? | ????? ????????????
?????? ???????? ????????? ?????? ??????? ??????? | ?????????? ???? ????

??? ?? ??

2? 0

????? ? ?-

????? ???????? ? ?????????????? ???

?? 3 ????>?- ???? “???? ?? ?? ??
?? ?? ???. ???
?) ??????????? ?????????????????? 29 2
?? ????????? ??? ????????? _ 2

??? ?? -.

?????? ??? ??????

?? ??? 5-? ? ?? 2: > 6
?? ???, ????????
?? ??????? ????
???????????? ???
??? 548157”
??1????? ?? ?.
""?? ?????? ??? _ ?
30?????? “???? ???? ?? ????.
71 ""??? -???????????:

??? 7 ??????? ?????????? -
?? ?? ???? ""???????? ???? ?? ????????

???? ??. ??, ???? ???

","['Clay Ga. 8 < m. 9 < / m > Missed-Nodavahi (Correction Sheet) Pay Judge 7! - Land Revenue Officer Records and Records (Preparation and Maintenance) Rules, 1971 Rule 10] Dar Toluka: 7 Avlite District: 7 Jarda: Unaffected Geo-assessment and | Form of acquired authority of the examining officer Sub-Division No.']"
75,BHARAT GEN/??????_2212_ ??????.pdf,BHARAT GEN\??????_2212_ ??????.pdf,"?????? ?? ? ?” *?.???? ?.

? ??.?.8?.
? ?????????? ??????? (?????? ???) >
[?? ?? ???? ??????? ? ??? ?????? ??? ????????? (???? ???? ? ????????? “?-7 ) ????, ???? ????? ???? ??]
???: 7 ? ?? ?????? 7???????????? ????? ??? ?? ?. ?

???

? ?

?????? ????? ??????? | ????? ??
??????????

??????? ??????? ?????????? ????

?????? ???????? ????????? ??????

(??32) “?.5 ? ???????? ???2??? ????

??. ?8??????
? ?? ???????? ??? - ??) ???-
? ??? ???????? ????
- ? -???????????? ???? 37?????? ?? ????? ?7??????

? ????- ??? ??????
??????? ??????????- ? ????????????-
????? ???????????? ?

? 4 >.
*. ??

-???? > ??????????? >. ?????????
“??? ??????????? “??????

???????????? ????????.

??????

?? ??

?? ? ??
8)

? ?»

??? :??? ?? &£?????1?? /???? 0 155??2?
???????????? ??? ??????? ???????????
?? - ?????????  ???????????????? ??

(????. ??. ??. ??????????)

?
???-<?
????? ???????? ???? - ?.9?) 12.5?
???????? ?????????? ????- ?/???
??????? ??? 2????????? ?????? ??????

???? “???????? ?????????? <??????? ??
????????? ???????. ???????? ????????1) ?????

????? ??????????? ???????? ?? ??????? >?? ?-

??. ??
??.
? ?????? ???? ???? ?????? |”
- ? ?? ] ?? ?????? ????? '????????? ""?????????
?? ? ? | ???? ? ??? '????? 44 ?????

???????? ?????????????? ??? 4-? ????
???-?2???? ???? ?? ?-4 ?<??????/?&75 )
","['Policy No. * ?.???8 MN ??.?.8? and Record of Alterations (Alteration Medal) > [Rule 10 of The Land Acquisition and Gari Records and Records (Preparation and Maintenance) Rules, 1971] GOVERNMENT: 7th Taluk 7th Taluk: JILN CHANNAN NAN PL A RESULT GHAZLE BHIMATAN: V. TEST PAT ATUKKAMANK Deputy Commissioner No.']"
76,BHARAT GEN/??????_2216 ??????.pdf,BHARAT GEN\??????_2216 ??????.pdf,"[?????????? ???? ????? ??????? ?????? ??? ???????? (???? ???? ? ????????? ?????)

--?????
???????

???:

?????????? ?????? (??????

??????: ???????????????

“? ?? ???

(23

?????)

??

?????? : ????

??????? ? > ? ? ?????? ??????.??????? ?
??? ? ?? ???? $ ? ?? ? ??. :.: .':??????? |
(29?) ?????? ?9) ???2???? ??? - ? ??. ?
?? ???. ?????? ???: 23) ?13??? ??]
? ????? ????? ???? ?. 2310 ? ?2-??%???-
77 ???????? ???? ????????? ?????? ???
?????????????? - ???????????? ???????? 1
???????? ?????????? ??? 551?? | ?. | ?
[-?? ??? ???? ?????. ???) ? - ???????? ?

? 1 ????????????? ""??
)?? ??

“? ????? ???? ?
?????????????

???? ??.

<%))

??? ???? ????????? ?
???? ???? ?? ?????????? ?????

? ?? ??????? ??????????? ??
??????? ???? 1 ????? ?82: (?? '????????
?

??????? 1???????? “????????? ??????
? ??????? ?3___
?: 2??? ?. ?? ??

??????? ????? ????? ?????
??? ???????? ???? ????;
???????? ???????? ?????? ??
??. ??????? 25?? ?????????

?

?? ??
'?????? ???? ??????????????/???? -

?.2-(??_ ??? - ???????????? ??? ???? 1

21 ????? ?????? ????: ?? <?(??
? ?????? ?????? ?? ? ??? ?
?
???
?? ?

4
??? ??. ? ?.
£?. ?.87),

????, ???? ????? ???? ??]

","['[Maharashtra Land Records and Reconstruction Authority (Preparation and Maintenance) - Ksheh Jalyi Gaon: Marilanchi Todavahi (Taluka of Marilan: Nvyatalvavara ""Aa Gap Kapa (23 leaflets) of District: Spa of Gondi.]] Results ??????.??????? and others. < / ID1 >: Acounad. (296) Llorav 29) Chhal2nya Roz-na Ja. (23) 713005 Ra]. Njs Thatl VL 2310A 52-1% 0-77 Gabkaluy Namudit Sattva Jabjinsabat-Ghtarjwar 1 ???? ??????????? ??? 55189 | ?.']"
77,BHARAT GEN/??????_2222 ??????.pdf,BHARAT GEN\??????_2222 ??????.pdf,"?. ??. ? ?.

?????????? ??????? (?????? ?????) 19

[?????????? ???? ????? ??????? ?????? ??? ???????? (???? ???? ? ????????? ??????) ????, ???? ????? ???? ?? 1

1

???: 7?7???????????? : . ??????: 7 ????????????? ?????? : 7???????????

??????? > ????? ???? ?? ?? ? ???? ? ?????? ?????? ?????? ? ? ?? ???????????
??? ?????? ???????? ????????? ??????

?????????? ??? ?? ??????? ??????? ????????? ????? ????

???! ??? ? ?7????? ? |
?? ?????????- ???, 21597922?? ? (9 ???
<?????- 22-?4 . ????? ??

? ????????? '?????? ????????--
1]

??? 22:%-5 )

???????????????- ??????? ? ???.

? ??????? ?? ??? ????????? ????????)
???? <>? ' 85 ? ?? ???????????
??? ? ??? ?? <???????????? ??? ? <??????
???????? ????? ???????? -507
2???????? (??????????? 357?
??? ???? ??????? ????
1 ???????? ??????. ?? ??? ?????
?) ] “? 2-_ - ? 4? ??-?4 ?? ??
?>8&1???? “????????? ?? ?

(
????????? ?

? ????????????????????? ? ???
(22 ?
2:22: ?? ???? 9?1?14? | 8>2/%5

| << > ? ???? ???????? ????? ????

?: ??: 2? “52- ?? (???? <% 16: ?
1 ? ???: ?212<& ?? ?? ??????? ?? >
?? ?? ?? ? ?? ??
$ 1 ? ??????????? (??????????? ???? ?? ?? ??

??? ??? ? ???? ??  -?????????' ?????? ??
? ? ??: ?????????? ??? ?????? (????????
??? (?? (?????????? ?290090?0? ?
? 1] ????<???? ????? ? ?????: <2?53 ???
??? 70 >??? ?? ????????????? ??????

<????? ????????

? ????? >. ??. 20?5 > ?3 ???????? ???

????? ?????????? ?????,; ?????????

| ?? 0??? ??? -???????? ??? >

?? ?? ?? * (?? ???:
2. ?????????????? ??)

","[""MG 8 Register of Forfarers (Manipulation) 19 [Rule 10 of the Maharashtra Collection of Revenue Officers Records and Records (Preparation and Maintenance) Rules, 1971 1 Village: 7Y7Akhtamvahya:. Taluka: 7Jhadiyathura District: 7Bashycrypt Record > Sabvaya Nela Yaar Te A Garbage Unaffected Geo-assessment and the nature of the un-acquired authority of the 1st Officer Intersect: Sub-Division Number Ayyakshari or Shera Saab! Nik A U7achaga Ha. Pada Dhagalshe-lp, 2159792206R (9K < Yattha- 22-24. Sledge Cut Wizard'Namtud Nela-1] Dhd 22:% -5) Stelty-Jaranjini Naya Toll No.""]"
78,BHARAT GEN/??????_2225 ??????.pdf,BHARAT GEN\??????_2225 ??????.pdf,"?!

???? ??

??
??
??

?????????

?? ??????? (?????? ?????)

? ?.
???????????? 2?(2(5??€ ? ??

?. ??. ? ?.
??. ? 87.

20

(2?

[?????????? ???? ????? ??????? ?????? ??? ????????? (???? ????' ? ????????? ?????) ????, ???? ????? ????? ??]
??? : -???????? ?????? ?????: ???????????? ?????: 7??????
1 ? ??? ? ???“. ? ??? ?? ?? ?????? - “?
??? ? ?????? ?? ?? >. ??
??????? ?? ? ?????? ?????? ?????? ? | ????? ??????????
?????? ????????? ????????? ?????? ? ?? 4
?????????? | ? ??????? ??????? ?????????? ???? ????
?? || 1 2 ?? ? ?

""?????? '?????????? ???-9??1?1?? ??
????????- ???. ???????????. ? (??? ?

? ? ? ?. ? ?
??????? : ??? >???????????

??????????? ?????? ???????? ??

1 ? -295)

'?????????? >, ??: ??- ?? ????
? ?
? ??????? ?? ??? ???? ??

?? <?????????? ????
??????????????????????? ? ? ?????????
???? ??? ???? ?? ????????

?? ???

(?-?.
???? ????? 1????? ????
???????? ???
?????[?<??', ??????????? ??? ???? ?

????31-

???????? “5359 ??? ?? ??????
???????? ????? ??????????/

(????????. ??.

????????? 29/5-15?. ??????
?????????? ? ?????????? ???- 5537151 ???
?????????- ???? ???
???????? ???? ?????????
??????????????? ??????????? ??
????? ???????????????? ??

??? >.33 ??????. ????? >
?? ??? ??? ???
???? ??? ??
?? ??? ????????? ?5 ???

??????????? ??? ?????
??? ???????????? ??? 50: ????

??????? > “???

?? '?????? ???????? ????

? ? ???????? ?? ???????? (?
? ?? ?(??- ???????? ?
??< ????? ?: ?? ??.

","['1! 6124 | | more ti nwyar ni register (change sheet) 8 ps 27 (2 (588 k ja MG 8 M 21. 4 87. 20 (21 [Rule 10 of the Maharashtra Zamit Revenue Officers Records and Records (Preparation and Maintenance) Rules, 1971]] gaon: -chitte taluka: chirpalmur district: 7zata 1 s tak aa pani. ""an enumeration pawa vi racha-"" l ghati ngari: ghach >. nath records affected by geo-estimation and | the nature of the authority vested in the examining officer. 4 serial numbers. The subdivision number of the initials or of the shera. | 1 2 a and l ""l"" sunnahvatya st. - 91712106 dutch wprt. 223 pt.']"
79,BHARAT GEN/??????_2257 ??????.pdf,BHARAT GEN\??????_2257 ??????.pdf,"????????

? ?... ? ? | ? ??? ?. ??. ? ?..

?????????? ??????? (?????? ????? ) 34

[?? ??? 2)... ???? ?????? ??????? ?????? ??? ????????? (???? ???? ? ????????? ????? ) ??? ? ????? ???? ??]
???: 7???????? ??????: “?????????????? ?????? : ?? ????? ??
? ? ?)

??

?????? ???????? ????????? ??????

??????? 2?? ??????-
???? ?????????? ????????'?? 2?12??
???????? ????????? ????????????

?????? > 7??7( ?????? ??
?? -?? «??
7 -???????????? ???????????????? ??? - ?? *

?/??

? .* 7 ??????? ??????
<??????? ?? ??????-1) ??????????? ? ??
?? ? ?? ? ???
> '???? ?????? ???????” ?? 80: ?
?1? (????????? ???? ? (?. ?
????????? ?????? - ??? ????? > ??. 4.
2 ? 2 ? - ?
??. ??? ???? ????? ?? ???? ??. ? ???
?» “??????? ?????? 3 ( 22-??” ? ?. ??
????; ???????????? ??? 1 ?? ??
?? ??? ? ????? ? ?
? - 4??? ????? ????? ?? >

? ??? ? ?. (?515 “? (?9?( 2?? '
? * ???????????? ????????? ???

1: ?? >. ??! ??? ???? ???
9 1 ???????? ?????? ????
???????? ??1?????? ???
“?? <?????????????? ?????????? ??
4 &* ?? ?. 2 8
???0)<0 “?? ??? ?????? ?? ??
????? ???? ? ??????? $ ??? ?
??? ? ???? ? ? ???|
??????? ???????? ??? ??
? ?
??! ????? ????? ???? 0?
??? ??? ??
?? ?? ???? ???? - ??.
???? ???????? <??? ? ? ?
???. ??? ?? ??? ?????????
??????????? -???? ? ??????? ??????????

????

","['HISZAL: G & H | | H 645 MG 8M. Register of Encroachments (Manipal Patnak) 34 [Kadan 2)... Land Revenue Officer Records and Records (Preparation and Maintenance) Rule 10 of the Rules 1] Village: 7 Oknakwal Taluka: ""Jhaswantkapur District: J Siphi G R 1 8) The nature of the authority acquired by the Tehsildar 207 Zengri-JC Sanyak Khisali\'Ta 221200 Nwarkawt Utkhewti Varachchhawnau Lavasad > 7na7 (vyahi ka re-tha\'ri 7 - spubkakt raralbarina kad-lat * 2 / 1 th 4. * 7 kenpka 2dchau < stl\'s vajna-devat-1) If this document is not available, it will be sent to the District Collector.""']"
80,BHARAT GEN/??????_2346 ??????.pdf,BHARAT GEN\??????_2346 ??????.pdf,"? ?... ?? 2: ??
? ? 4 ????? ?- ?

?????????? ? <<

?????????? ??????? (?????? ????) ?? 20
[?????????? ???? ????? ??????? ?????? ??? ????????? (???? ???? ? ????????? ?????) ????, ???? ????? ???? ? ?]
???: “???????????? ???? ??????: 7 ????? ? ? ????

??????? ? ? ?? ?????? ?????? ?????? ? | ????? ??????????
?????????? ? ???????? ????????? ?????? ??????? ??????? ??? ?????????? ????? ????

(5??) ????????? ?1?2??? ?? ?????? 1 ???

|]

?

1
??????????? 3????? ?? ?????? ??"" ? ? ??.
??- ?'??? ? ??? ????? ????
?? ?? ????7???? ????

?????????????????? ?? ( ?????
???? *????- 3? ????? 17 <?????? ?<????? | ??? ?????? ??? ? ??)?7?1?-
??? ?? ?2? <????????|-?-????????? 8 2323?? ????

- ???? ??????? ?? -?????

??

“? ???? ??? - “??????????????? :
? ????????????> ?? ??? ?????????) ?? ??) ????
(?? ????? ??????? ?? ??
??0 ??????? ? ?? -??????????
??? [???? ?? ?? (???
?????? <?????????? ? ? > ? ? ????????? ?
?????? ????? ?????????-????? 1 ???? ???
???? ? ????????? (???? ?? ?????????? ”
>???????? ?? ?
???????? ?????? 1?. “1 -3.% € ?? ??? 1 ?
??? ?(-???- ????--???????? ????? 1 ???? ??????? ???

1 ??[??????????????-??????--? ? “???-???????????- ???
(???? ?????? ???? -?? ? ?
??????????????????? ? |
[?????????? ?????« ??????. 1

??

??. ??) ?? ?? ?? 1

? ??

?

",['uhhhhhhhhhhhhhhhhhhhhhhhhhhhhhhhhhhhhhhhhhhhhhhhhhhhhhhhhhhhhhhhhhhhhhhhhhhhhhhhhhhhhhhhhhhhhhhhhhhhhhhhhhhhhhhhhhhhhhhhhhhhhhhhhhhhhhhhhhhhhhhhhhhhhhhhhhhhhhhhhhhhhhhhhhhhhhhhhhhhhhhhhhhhhhhhhhhhhhhhhhhhhhhhhhhhhhhhhhhhhhhhhhhhhhhhhhhhhhhhhhhhhhhhhhhhhhh']
81,BHARAT GEN/??????_2567 ??????.pdf,BHARAT GEN\??????_2567 ??????.pdf,"_.

?. ??. ? ?.
?????????? ??????? ( ?????? ????? ) ?? ?. ? 8:
-$ [ ?????????? ???? ????? ??????? ?????? ??? ????????? (???? ???? ? ????????? ?????) ????, ???? ????? ???? ?? ]

??? :-7?????????? ??? ???????????  ???????????????

??????? ? ?????? ?????? ?????? ?| ????? ???????????
” ?????? ???????? ????????? ?????? ?? ?. ? ??? ???
?????????? ? ??????? ??????? ?????????? ????? ????

??????? ??????: ? ? | ?? 19 0: ?????????

???????: 857<79-02.-

£ 5?????????
? (2?8
?????????????? ????? ?????????? ??????: ? | 2?09. ??
??? ????????</3
??????& ?????? ?? ??? ???????
??????? ???7?????? ? ????
?????????? :5_? /??0992. ???????????

???????

??%] ?2?92
?????????? ????? ?
?-?? ???????? ???

? ? ????? ?:

???? [???

??
????????? ?

","['8 MG. Register of Alterations (Alteration Sheet) Uch. 2.48: - $[Rule 10 of the Maharashtra Land Revenue Officers Records and Records (Preparation and Maintenance) Rules, 1971] Village: -7 Crivikale Kada Jkalnchpa Zilla Panchayat Record Unaffected Geo-assessment and. The nature of the acquired authority of the Assessing Officer Al. P. Chani Additiol Serial No. The Sub-Division Number Initial Signature or Shera Fr. Date: 0 4. 04 19 0: Khudlakra Notice: 857 < 79-02. - £5 Shkam: Dikan R (288 Notices to the Interested: 4. 2109. Ka Nadat Naka: Thattath & Wahvakal Pak Nayi Uvikit Tlolun7 Janerihin Vasantile Chho: 5 / 0105 / 92 Uch.']"
82,BHARAT GEN/??????_2697__??????.pdf,BHARAT GEN\??????_2697__??????.pdf,,['The']
83,BHARAT GEN/??????_3026__??????.pdf,BHARAT GEN\??????_3026__??????.pdf,,['The']
84,BHARAT GEN/??????_3030__??????.pdf,BHARAT GEN\??????_3030__??????.pdf,,['The']
85,BHARAT GEN/??????_502 ?????? 52-1-B.pdf,BHARAT GEN\??????_502 ?????? 52-1-B.pdf,"?? ?? ????? (?. ?. ??. ?). ?| ?00 ?»

'????? ??????
?? ??????? ??????. ????? ???? ???

??? ??????. ?

??????? 27/77/?795 ???? ????? ? ?? ?? (??% ?? ?
?????? ????? ?????? ??????? ??? ?????? 77.
(?? ?23” ? ?” * ?? ??????

??

?????? ???????????

??? ????? ???.

(?? 6. ?2. >. 6?6.?-..?”?? ????. ?????????? ?44

? ???(/?44
?? [?

?? ??
?? 209 ?2?7?? ? ?? 1?????? ?

?.&.: £«]...“?? ????? ??? ?????? ? ??? 71904 ??
???? ??? ??? ? '&?2??”'????????? -????? ????-
??. ????? ??. ?. 1?. ?? ?: ?. ? ? “? ??? ??? >.) ?
<?7?2 / ? ??? ?
-????????? ?? ?? ??? ? ? 18
???? ??

22/22/?252 ??
??????????????????????????????????? ??

????????? 17 ??? ??????? ???????? ????

?. ??.» 5.1: > ?. ?. ? ??? ??, ? , ? (33)
? ???? ?? ???? ????????? ?????? ???????? ? ?
?????? ???????????? ??? ??? ? ??? ?
???? ?7???? ?? ???? ??? ???? ????? ? &? ?-? ?

??? ?

(????
","['Da tan patra (No. 6). na. 100 6\'type of furred hair. survey number and belly portion. na varojch 27/77/5795 wuru kapla h 32 b (50% 2? | right side navdund kelele nya number 77. (Lal 823 ""r va kule | | checker\'s signature or sher. (kam 6. 42. >. 686.?-..8 sell. betlayavule 244 g tarat (/ 944 thu [a lap hi 209 420744 na bhi 1swar ch m. &.:"" £""]..."" bomba hut of 71904 Bhakal S & L2\'Mamledar-Rmai Talt-Ba\'s do. Na.']"
86,BHARAT GEN/??????_50_1_Satbara.pdf,BHARAT GEN\??????_50_1_Satbara.pdf,,['The']
87,BHARAT GEN/??????_52_1_?_2._Satbara.pdf,BHARAT GEN\??????_52_1_?_2._Satbara.pdf,,['The']
88,BHARAT GEN/??????_555_??????.pdf,BHARAT GEN\??????_555_??????.pdf,"??????? ?????? (???. ?. ??. ?) ?? €2) ?. ?. 8 ?

? ???? ?????? ?????? ???? ?
? ??? ?? «| ?????? ???????????
??????? ??????. ???? ???? ??? ?
????? ???? ??? ??? ????? ????.

??? ??????.

?? ??? ?

?

> ? ? ? > ?
). ?? ? ??? ???
?? ?? ?? ? $ ?? 1
?-? ?? ? ?13 ? ? ?? ?? > ??? 0? 0: < ?. | ?
?????- “??? ?? ?. /-
?? ?
2... ?-3 ?
??: ?01 %?? ? ? 2? ? ” ?
€. 3 ? ?
??? ? “??? * ? ?? ??? ?
-- ? ??
|
? ? ? $ ”
? ?????? ?? ? ?? ?? ??? ?
>. ??... ??
??? ? ?? ?* ??. 0?.9? ??)
> 8 ?? ?? ? ? ?? ?
?
> ??? ? ??), ? ? ??
?, ?? ?? ??? ??? ? ? ?? >. ???
? ??? ? ? ?? ] ? | ? ??? ????? “? ?? ? ? 0?? ?
? ? ? ? 8 ? > ??. ????
(? ??????? ? 3 ??. ?
??... ?” ? ? ?. $ ? ?? 4: ?? ??? ? ?. ?
] ? 0 | ??? ?? ?? 0? 28 1
? ? 8 “8. ????? 3? ? ??
(? > ? ? ?
? ?? 1 ? ?? ???
1 ,-?“> 3??? > *)%> “? “??? )? ? ?? 1 ??? ? ??!
?, 2 ?] ?? _
?? “| '
?? ?? 1, ???? ? ??; 3-? ??
? ? ? ??
?. ( ?? ? ? 2..... €% 2 ?. -9 * >
? ? - ? ?“... -? ? ??? ?; ?. ?? |. ?? ??) ? ??? ?
1 ?? ?? ? ??? ] ?? ??
|] >. ? ) ? & ? >.
? (?? ??. ? 4: ?? ? ? ? ?? ?? ??
? ?” > 3?9 ?. | ? ? ??: ?? ??. ? - 3 , ?
?
? ??
? ?? ?
? ?. ?? ??.
'
? ) ? 2?? 8 ??? ?. ?? ?-? 1???1 (?) ? ??? ? ?
?? ?? ||
? ?? 5 ? ?” ? ? ? 1
| ? [2?? ???. ????? ??????? ?? ???
?? ?? ||
* , ” ?? -- ? ??
?? ?? ?? ? ? ?? ??  %
??. ??? ? ?? 971?? ? 1520) 211??????1 ?? 4 3) ?? £ ? ?
???
| ? ”
?. * ?
? ?? ?? |
- ?? ? 1
| |

","['Caller\'s Patch (G.No.M. 6) Decided €2) At 8 p.m. Black and Self No. Checker\'s Right Type. All Numbers and. Serve No. Sign or Door. Stomach Part. Dhal Sik K.P. > A.P.N. > F.). Tar U Nain Kaisi Dey Ni 5 $Che 1 1 1 - 4 Nab G 213 4. Du Bhay > Hor 01: < 8. | S Plur - ""Ngha No. / - P. 8 2. 8 - 3 Ka: 301% 82 Na 29 No. €3 and Chhar Rah * Na 1 - - Da Ta. Fear No Fear No Fear No More. Ha... The Tse 1 Cup. * Ri. 02.91 Nat) > 8 Run and Run.']"
89,BHARAT GEN/??????_925__??-?.pdf,BHARAT GEN\??????_925__??-?.pdf,"?????????? ????

????: ????-?? ??? ????? ?? - ? ????? ?????? : ??-??-????
???? ????????? ??????? (?????)

(???????? ?????? --??????? ?????)

???: ?????? ??????: ??????? ??????: ?????

???? ??????? : ??? ( ????? ????? ) ??????????? ???? : ????????? ?????? - ?????????? ?????? ????? ??????? ????? [?? -.

??? ????? ??? ?????? ??????? ??????? ???

???? ???? ? ????? ??????? ?.
?1 ?????? ????? ??????? ??????? ???????
?? ? ??????? ????. ?.
(?) (?? (????? ? _ (??) (??) (?)
??/?/?/?. ?.???? ?.???? ? ?? 0 ? _ ?? ?.??? ?.?? ?.???
????
??? ?.???? ?,.???? ?.???? ? ?.??? ?.?? ?.???
??? :- ???? ????? ???.?(?) ???? ?????? ????? ??????? ??? ??????? ????? ?????. ?????? ? ?????????? ?????? ???? ????.
?? ???? ????? ?????? ?/?? ???? ?????? ?????????? ???? ???? (??. ??/??/???? ??? ??:??:?? //? ????) ???? ???? ? ? 1

????? ???????????????? ?? ?????????????? ?????? 0?5 /????.?$8008.???????????.00?.?/097/ ???? ???????.

?????????? ???? ?????????? ???-???????? ???????? ????. ?-? ??????? ? ??? ??. : ??-??-???? ??? : ??:??:?? &?. , ??

",['Government of Maharashtra Year: 2024-25 Village Sample Eight-A Report Date: 16-02-2025 Register of Holders (Agricultural) (Assamese-wise Khatavani - - Jamabandi Sheet) Village: Bhilwale Taluka: Khalapur District: Raigad Account Number: 925 (Private Company) Name of Account Holders: Partner Rajesh [YEAR-. Village Sample Six Geology Number Area Record in Acres and Subdivisions Rs. 11 Cultivable Area Potted Area HUD and Arogya GP (1) (Sha) (ZIH (63) (6B) (7) 52/1 A / 2. 0.7900 0.0000 0 Ag 0 QD 4.686 1.42 7.526 Waala Acres 0.7900 0.00 0.7900 0 0.7900 0 4.686 0 0.0000 ID5 7.526 Note: ID3 7/12 The size of the eligible landholding will not be applicable to the said record.']
