Unnamed: 0,doc_filepath_linux,doc_filepath,paddleocr-extracted-text
0,BHARAT GEN/1015.pdf,BHARAT GEN\1015.pdf,"'H 2'll 'H R.V. 8 m. ?????? ? Iell I yike. Ekit Jie. Ieekte Jojike. Ih.eh  ?????? ??????? ??????????? ? Blh ??? - ?/ TElll. Ikl?!! EllnJh ?????? Yokik. Ue Ihlk B/i? ?????? ??????? KDIHJe ??? ???????? I'lkk/he ????? I Laltelle ?? ???? K- Is ??????? ?? I lye I ar-- -- Y?o? / h Poichle - ????? Ikle. ? i ele - ? Le kelt ??? - - Yse- Yf, I-/? , ? ? ee - - ? / - / ??? Wz-k Loy - ????? ? ? // ?? - //. Cey ??? -"
1,BHARAT GEN/1070.pdf,BHARAT GEN\1070.pdf,"?? Ih ?HIh R.V.s m. / ?????? ?????? th ?? Elhi ?????? ?????? Akljke ??? ???????? ????? ????? Coke Plphajh b ????????? ?? // Ikl?!! Th?e'k. Elho.Jh Thlhh. ?. IkIh likry's tahlh. ?????? I'h hkple Itlhk Jhe. 'k /hik. I ktlelle ???? ?? ?e . ???????? Hu- ? YIN HL ?????? y- GApipieb/h prr! - , k - . Biel //3/e- . 4/ ? Ho di?+ y+$$y iss ?????? - ?????? . Kk . ? Akek ( ??  Ry ???? ehly. ??? - ?????   ???? - - ????????? y . ??????"
2,BHARAT GEN/1083.pdf,BHARAT GEN\1083.pdf,"?. .?. R.V.8 m. ?????????? ?????? ?????? ??? ???????? Elha ??????? ????? ???????? ???? ' Ioke PiPhajh. ????????? ??? ? ?????? ???? Ihla Pelk hiinJh Elilhi. ????? Ihlhele BJle. ?????? ??????? ??? Welht ils. Iellsb/he ????? ?bial!? ??? ??? Yz? Ieee ?? /   / ??? - ++++ H++ C  ? I' . / ??? I eallk. - +-Iet ?? - I+ Aia h kut$aye. ? AEi?rIB K $e k k+oi!?  , ? ABisie. Wkey 4zii3esc ???? ?? 30/? I- k /?   h ? ???? ?? ? . // ? ? ?, Do no? I'y/ ?? Alar. ?? ?? / a/"
3,BHARAT GEN/116.pdf,BHARAT GEN\116.pdf,?????? - ??????? ?????? ?????????? ???????? ????? ????? ???????? ??. ??? ?????  y '. Iie GLoJEUM! ??? ?? Mm. Ielk. 'lials. ?????? Ieyh.. n I. It. ??? Ba ale Eon? Je buy'h. Yon. - / Jt-e+ak
4,BHARAT GEN/131.pdf,BHARAT GEN\131.pdf,"Ay ?????? ..  Ii. ????? ??????? ??????????? ??????? ????????? Igylike be kl ! L-ie? ? , ??? ??? ???? - ?? k -- 1e????s? L- H$ye - r+$'ryo / ( Heu t? kee Ky?i++ iy? A bl u! .- Telo h.. ????? . ?- L-E - o+$u+ o$h$sg ++? -lyuls. - - ' ???? ? Yais e, 'tpk ?kI +++d I 2/ie. ?? cr ei eo"
5,BHARAT GEN/173.pdf,BHARAT GEN\173.pdf,"???? ??? / l ?????????????? ??????????????? ????? ?. I koylia mh! p ?????? ??? ?? .  ? -'. -   - - -. ???????????? ???? e /. ye Vr, ime Teaowsy Ik. ??????? n p- Ilile? .? Y-?! ? -.. I-le le be fule. Piy// - Lih ie? -1/ Hese... A yhuk tur y- y - ?? Kyuirk' in  A fuk. byi +eil ? -- V/+/+-/t - JP LryaoypK?$!+ -/ - -  -"
6,BHARAT GEN/179.pdf,BHARAT GEN\179.pdf,"?????? . W.w. a. ??????? ?????????? ??????? ???????? ???? Ing lle abh gu ????? Ie! I?e. ??? uhy? ??????? - Jol. ? ???????? ????? har? - You ipuee. C. kJo -  ?? ????? ??????????? Re rkhke? ????? , ?? Ieplls. Yh. ??????? Cn kad. ???? ??? ????? ??"
7,BHARAT GEN/2022.pdf,BHARAT GEN\2022.pdf,"'h 2'lhh R.V.8 m. / ?????? ?????? ??? o6 Ahky APih  BktJie? ???????? ??????? ????? - Ilhijke o/lk? ???? ?????? - ???????? ???? ?????? ??? ??????? ? Ello- Uelk'hkf'e luklh h Lslhi. Ihak' Elalerjie ?????? hak? Itlhe/he. H.Aielke. ????? ???????? ? '3otels ????? -  Oyuteie yoe. ?y? 0/Ghe. - ??? / +s lysik+ Gt Gu?ar-. /- ? os is folk looe w+ i-- /- ,  ???????? ?????? Bee ? / / ? ????? yl? - Sirik. -? , ? . Sundyy? yihy ??? Iybos  Gr. ???????? Ih yeyorot h. ? JorE eLs I  yex W!2m. / ? . Ie. ???????"
8,BHARAT GEN/2054.pdf,BHARAT GEN\2054.pdf,"H.?il i ?? R.V.Sm. ?????????? ?????? ?????? ? ????? Itapalle Jojlile ? ?????? ok? APhajfe , ?????? ???? h?  ?????? ?? ???? ????? El. ?????? ?????? Ehin l. Welk. Ah-IthRJle ?????? Ihex'k klskji a? I liskyhe Jy-alelke ??? ???? ???????? I9ees ? - ? ????????? /o ?????? ?/ -   / ? J/u0/ / - -   Ausee. Kaa. Hk . - ? - ,  - hL- -// ? ??? ? ?? -  / I ????? ???? ???? - /  . J+nJzik? ?? Judekyahu? ????? Wes/el? ? ?? ?? /// -- -  ill . ??? ????? - ? / ???????? HB? -"
9,BHARAT GEN/2126.pdf,BHARAT GEN\2126.pdf,"H2 1lhe 'h. R. V8 m. ?????? ?????? ??? ???????? Eis ??????? Ilhyi. Eip?jie Iak?e lojuie. ????????? Gore piphjh B , Iob thhy BuPlh ?????? ???? ??????? Pele klloJh ?????? I'net. Whlials. ?????????????? ??????? Ilke kyhe. ???? Ie Hlrelk? ???? ?h t ?? 9 ??? .  / ./ ? ?? Gy- B / - ???? ? ???????? Ikohat. /sr. . ?? y o - Peaea. ???? / ??????? e, ie.   ? Ho n -- Wue."
10,BHARAT GEN/2172.pdf,BHARAT GEN\2172.pdf,"R.V. 8 m. ?????????? ?????? ??? ????? ??????? ??????? Ih?bae lo jilke ????? ????????? ????????????? ??????? ?? (( - ?????? Hlx : / /! ?????? KIhkjle ????? Ehuhki? ????? Telkelerjke. ?????? Ihee?'k. ??????? ???????? hek/he Ththou. ???? hItah ??? ? .. I-Ea-  / ?? -/ /- - ??? ?? ?? ????? HH, ---- / - ?? W ????? .  , . - -/ /? Aklh. o , A Ye/9 / - // / -- - / // ????? Oh/ Iy heignt -"
11,BHARAT GEN/2180.pdf,BHARAT GEN\2180.pdf,
12,BHARAT GEN/2189.pdf,BHARAT GEN\2189.pdf,"Whe?-lle I. R. V.8 m. ?????? ?????? ?????? ??????? ???????? ?????? oh hhky ! ????? Aa , ????? . ?????? I hlih b/k. Ihes'k Ahe. h ?????? ?????? Salrkte. ?????? ?? ????? / ?y   ( ?? ?? Let - ? ??? / ??? /? - - . -- iy ????? ??? ??? ln? ."
13,BHARAT GEN/2195.pdf,BHARAT GEN\2195.pdf,"I.llle . R. Vi$m. ?????? ?????????? ?????? ??? Ikeballe laylike ????? ????????? ???????? ( ?????? ?? ?????? Hh ?????? ???????? ????? ??? ?????? ? ?? Ihlhlhkjie. ??????? Inpet. ?????? ????????? Hah? Iabe. ????? Yalielie. ???? ????? ????? Rslsele -'- ??????? ???????? elz. ???? /? - Piaha!k? ?? ? ????? Ysvel? - ? ????? ? HlaY ?h - / -- ?????? ????? -/ ?????? / ???? - ????? ? ????? ?? // K++- I. ( . Jaluhl? - ( - 222 ??? ?ges s/? ?? ? ????? - - IsuK i/22? ? ?? / ??? ? ????? ? ?? Nei?. ???? ?????,?????????"
14,BHARAT GEN/2198.pdf,BHARAT GEN\2198.pdf,"R.V.8m. ?????? ?????? ??? ayk Ie?eetl iole Elyis. Hahjk ?????? ??????? ???????? , ?????? - A le? ??? l? /h ??????? ????? Wraek Ealhyk ?????? ???? Wel akelle? ?????? ????? ?? ????? 1122Bees lek! / - - ???? ??????? - ,- -- . Ro Ils!Hz II? - --o0 - ????? ? - ?? ??? ?????? Y ? ah/e // ????? :- ( ????? ??? ???? /3? ? ?? - - ee g i. //- - ??? ?????  . ?????????? - , ? . ? I-?y ???? ? Jooh '- ? - Im - Ry99? ?????? - ?????? - ??? - ???? ????? ??? Lalkhe ???? 1. ??? ( - ??? ??? - Lospex. ? ?? ? Ao logsje. ???? - ?? . . ????? ? A ?. ?? ?????????"
15,BHARAT GEN/2238.pdf,BHARAT GEN\2238.pdf,"h 2l'h R. V. 8im. ?????? ?????? ??? Akijie Ie?hak uyhk. ????????? , ?????? Ahhy MHh. ? or? ???? ??????? ????? ???? ? EWhi. I li Ie kyia ?????? ???????? Ielrlell? ???? ??????? ???? ? ? ? ? ????? ????? ?????? ? ????? ????? - / - ?????? ,   - ? ? Y- ??? ?? a? ??????? H. ( ???? ? ?????? ???? ? ? Hihs ... ????? M? ????? Hilrelt. ???? ??? ??? ????? Gl b woley ?h-? ? -- - ? ???????? Jea is . ???????? ?????? . - ??????? ????? ????? ? ? ??"
16,BHARAT GEN/2239.pdf,BHARAT GEN\2239.pdf,"H ?llk h R. V.$ m. ?? ?? ?????? ???? ?????? Ite?hall lojike ???? ????? Goke Alphjh Hhk! ???? ?? ???? ???????? / . Il? Kllo/ kilbkajh? ????? Ehlh. . Yokik. Ielhe IekrJke. ?????? Iiee?' ah? 'helile. Hesb/h? h I kalelle ??? ??? a? ???? ? / 213? ?????? -- ? . ? ???????? / ? -? l? ( ? / ????? ????? G/. ? ??? Y/2o  ? ???? aiz? -??kh. - ??????? - ????? ????? Eh Is'? J/- ??? pyp ? ? Os?e?n ????????? J - ???? ? ????? ?? ???? GobI-k- ? ?? ??? ????????? , ???? ??????? ????? - ????? ??????? ???"
17,BHARAT GEN/2249.pdf,BHARAT GEN\2249.pdf,"l H ? H. V.8 m. ?????? - ?????? ? Y-. . ?????? ???? ?????? AkiJke I9halle lojik ????? ? (   ? ?????? ????? Ik?! ?????? Iheek Eihlkkryke Pallti. Nohle. hlh-IhkJ's. ???????? ak I'llkjhe Wht. Halelke ? ??? ? ???? 2gisls t. ?? ???? / ? ? ????? ??? ? - ( ??????? -- . 2s - - -  gj-- . 2 / Ie2 - ? ????? / ??? - Iaih. ?? ? '// ? , ?? . ???? Pe' ke ite! ?????????? D? - 2 ???? ? - ? Ygh ?? ?????? - - ????? ? ( - / ? Hh?? /S I drh ag? ??????? ??m Yomy wh. ? ??????? ??????? ? ? - . ???? ??? ? I I yer.! ??? Yele ,. ?????????"
18,BHARAT GEN/2251.pdf,BHARAT GEN\2251.pdf,"H 12 1 'i. R. Wisin. ?????? ??????? ??? Akshe ??? ????????? ???? Coke piphaje. ? ????? ? ?????? ???? ????? / ??????? ?????? I Jnele. ?????? ???????? ???? Alhyibk. ??????? ???? ?????? ?????? ??? //2 ? - 2 /- ??? - - Py.. ???? ???????? - . huye e? b? ?? .    . -. ?? ?????? - ??? Hary/ hap. ? ???? - ???? Jrce ?( -  . . ?????? Ho de- - - ?? J'-2/?/? ?! ?? ? ? ???? -? Go, i ????? ???? ???? ??. . ????"
19,BHARAT GEN/2256.pdf,BHARAT GEN\2256.pdf,"I?ll 'It. ?? R.y. s m. ?????? ?????? ??? Akh/ie ??? ?????? Goee blfhyh ? (( Wl// ?????? ???? ???????? ?? ?????? R???? l ?????? Johlk. ??????? ? ?????? Ie'. ?? ??????? ????? I kalkelke ???? ???????? ? 22/? ?? ?? h- Y/3 ??? - /? ???? I lnz-ls bes? ??? ??? ? 201/ ??? -? Pekeyi?. ??????? ? . . ???? ???? ?????? - - . ??? ???? ?   23/31. hW. ? Jeh aida?  tye/ ????????? ?? ? ?? JA ?9? - 3 ? ..?? Y-. /- ?l...20,y- ? 7  ????????????????? ? . ????? ????? ? - Piz!3/. . ??? ????? ?? ? ?????????? ???."
20,BHARAT GEN/2265.pdf,BHARAT GEN\2265.pdf,"h 2 lle H R. V.8 m. ?????????? ?????? ?????? ?? ?? ?????? Eltio ?????? ??????? BkitJie UeBhalle Jojil ??????? ?????????????? 'thl! ???? / ? hnye? ????? ???????? It llnuteJh. ?????? Theet ?????? Ehlhh. Hok lk. WelhIb/'? Ahueie ???? Illkyhe. ???? I lalrelk? ???? ??? alg? ?- ??? Yalsig! / ????? ??????? -- ????? ? ei/e Iy gs   ? ????? - ?????? Eo, oo- ???? ? , D? ???? ??? - - ???? sle /2 G2in. ??? 322/ ?? D'oot doI ? ?? . ?? - / -, Iro? 2,? - ? k bal? / - / ???? ?? ????? Jl  Ik ,/ ., ?????????? .. ??? . ?????? ????? ??????? ??????????????? ????? ?????"
21,BHARAT GEN/2290.pdf,BHARAT GEN\2290.pdf,'H? lle 'It R.V.8 m. ?????? ?????? 4? Gaph EHl IE-Aball lojle ?????? ????????? Gah? 'Whk/ ?????????? ??? I? Ihes?? ?k ?????? Ehlliik. IhlhhJ'e blelhtjik ????? Shuhi? Ihlkskyhe. ???? Ialrelle ??? ???? Aainkn? R2 ll.. - ???? I ??? /   at/ve? ?? Whe? Whlaz + tg boi? ??? ?? Pp ???? ????? ??? P? ?? 'elikaln. e-. I's is- ????? ???????? - -hf ? ???? $h ?????????????? D13hh? L/'u p- I-Ighe?. ?? :- - - - - Disle - - ????? ?? - ?? ???? - ???? - ???? H? ? -/ - Ha-y? - ? Pg. Pilh WoUk y - / -I iei. 'uhwy sk. ?????
22,BHARAT GEN/2291.pdf,BHARAT GEN\2291.pdf,"Iea Ih i R. y.sm. ?????? ?? ???????????? ????????????  ? , ?????? ????? ????? ??????? ( ??????? le. elit. ?????? ????? ?????? Hoklk. Iflkelit rjhe. ???????? ?????? Ihawh ??????? ????????? ???? Iklelk? ? ?????? ???? - /2 --h! Ih--. /? Kap!rs!e - 3 /- ?? -/-  . ?????? - ????? ?????? Ysn? ????? S? z/D. Ikln? ????????? ?. - ?????? Oh?e 3 ? . ???? J.k? Ah-,-? , h/, yo ? ? /. ik ???? ?? ??? ?? , ?? Y ????? ???? ????? / ?????????? ???? Ir-hbhqhs. ?? Pl? ??? ah, js? ? ??????????? ."
23,BHARAT GEN/2310.pdf,BHARAT GEN\2310.pdf,"h ? R. V.B m. ???? ??????? Akh? eyis ???????? ?????????? ????? ?????? ???????? h! Aplk ??? il. ? ????? w ?????? ?????? Iese? Thelk. IelhI's BJle ?????? ???????? ??? ???????? ??????? ????? ?????? ???? . ? 2 ???? / ? Ao lahiez. ??? ? O hls? ? ??????????? /  I yo pare. ????????? / ? W?! ????????? ????? y? ???? ??? As//n 4g Lka. - ??? ?? I-y ? ???? / -u ? ?????? -$Del.le. pi / ? ???   ? ??? ? /-e. ?????? ir / ans ??? / /-$e/ Pef. An /h. Ijo 3! ????? - ???? ??????  - /. ? ( ? /- . /- ? /  Iel sl. ?e . Yesuy ????? ???????? , ?????????"
24,BHARAT GEN/241.pdf,BHARAT GEN\241.pdf,"?????? ? .. Ieelk. ????? ?????? ?????????? ?????? Hollke iet ih ey . ????? ?? - . -/ Wi, ihi. ???? ?? I. yy /? ,?/ P u whas pbelpane. - Wy. ?????? ???? y Hiw  k. al. A.  Lk. Itl te kis. I+?-a. Si es/e. ? - Y lot. ? Onyhis"
25,BHARAT GEN/2416.pdf,BHARAT GEN\2416.pdf,?? ?????? ????? ?????? ?????? hue Jh$halle. ??????? ????? ?????? ure ti Hsoirt. ? ???- ???? Thesett? Hhah ?????? ? E lhh. ghaih. ???????? Hikb/he ????? ? 2( - - - e ay? / ieo/y - ????? ?? - - J- ???? ??????? ????? . - /  -/   Shck?a? . 2  Gerlyss- ??? G?M ???? ???? ??? ??y ???  ? ?k / hk h. P. Usy ??? A . - ??????? ? J ? ?? - - ?? ??? ????   ??? Jenys. K'rk . ??? ?????? H. Ine. ? -/ ? ?????? ????? - Hih- ?? // ?????????? ?.?????????.????? .?.??.????
26,BHARAT GEN/2430.pdf,BHARAT GEN\2430.pdf,
27,BHARAT GEN/244.pdf,BHARAT GEN\244.pdf,"./ . Rw. Bm. ?????? ??? ?????? ????? ?????? ?????????? ??? Ielg? . ????? ???? ,  ?? ? ?????? ??. l? . Inok. / h. . l. ??? ? ???? ??? R Iboy- Iuk!ik! ?????? ? - ! s ???? P'hll the. e.. !l ????? ??? ? y ????? 'e hhAA!Y? Onle ihy Oihau-. ?? ?????? P. ?/- ? e . Ynk k W-leyky luk Pah!k Akke'ty ie. . - ?????? K hira ? - - HPK, o?"
28,BHARAT GEN/2455.pdf,BHARAT GEN\2455.pdf,"Iiy Ih'i. R.V.Gm. ??????? ??? ?? ??????? Bryh ye ??????????? ?( Iallhio? ?????? ????????? Ehly! / ?/ ?? ??? ??? PhLe! ????? ???? ?????? ?????? Ikae't Whihi. Telk-lbrjs. ??? ???????? ????? /BtBik ????? ?? ????? /2 ?? ??? , 2U/42/90  ??- yee bR? - ?  - X05/0 1K. E//! ?? ? /-  /- ?? . - ????? ? e-enite . Ilel---w? . ?? ?????? - ?y? / - . ? ? / / ?? ?????? . ???????"
29,BHARAT GEN/2552.pdf,BHARAT GEN\2552.pdf,"?? 'h 2 illh 'h. ?????? 1? Bhak. R. V. 8m. ??? ????? ?????? ??? I/al ???? ??????? obe ???, /? ?? hill. I?p ???? ?? Tel Ihk. ?????? ?????? ???????? BIhll ???????? ?h ?????? ??????? ?ih??e ????? lelie ????? ???? ue? 2y/ ?? . Ihhaiek! ?? Eexrtanrbh ??????? aiyi?g? ?????????? ????? ????? ??????? - Tisihh e31 ? -  / hx'? Eooy- - ? ? Eoo- ? ?? - / ? - ? Jea9? ? y ?????? -- / ? Yehkle ???? ????? Ja ?????? ??????? ??? ? ???????? ????? Ab /? ????? ?????? i. -"
30,BHARAT GEN/2564.pdf,BHARAT GEN\2564.pdf,"H? 'llk 'li ?? R. y. S m. ?????? ??? ?? ????? ?????? ????? ??? 1$h?!   ???? B laks. ???????? Gob? Thk! ((( ????? ??? hl?l. ?????? E ehlkl. ????? ?bjike ?????? ????????????? Haha. ?????????? I'lltkhe ??? ??????? ? ?????? ??? R 9? ?? ????? Talevele i ///99 ??? ? ????????? ???? ????? ??????? /( ?????? 3xo8/90K. // e / - ?? /// Peirk Y. Yo.Ipe! - - ? Fxle ?yh - - ?? ?? -- EgPlo ???? Pxe. ? ? ??????? Yok ,. ???????? ' Ly? ??????? ??? Yhiz k O-2y-- ??? ??????? - Yue- ey? Ihn.o ?????? ??"
31,BHARAT GEN/2620.pdf,BHARAT GEN\2620.pdf,
32,BHARAT GEN/32 G Order Dated 06-02-2006.pdf,BHARAT GEN\32 G Order Dated 06-02-2006.pdf,
33,BHARAT GEN/32 G Payment Receipt.jpeg,BHARAT GEN\32 G Payment Receipt.jpeg,
34,BHARAT GEN/32 M Certificate.jpeg,BHARAT GEN\32 M Certificate.jpeg,
35,BHARAT GEN/341.pdf,BHARAT GEN\341.pdf,"21. . ? ??? . ?????? ???? ?????? YoE ihk ehte ?????? Nihn Ile? Yek hh Igjke ??? ??? - ???? ?? ?????? Ws- - , - - - N-s // WLPyC!   ( ? , / - / hah he Ceel+i . /? / N-. CuZpL - Woy I. - YoeWhuhih Clo. . ( ?? ? e a"
36,BHARAT GEN/369.pdf,BHARAT GEN\369.pdf,"?? Ah. Rr. V.'B m. . ?????? ??? H. ?????? ?????????? ??????? ??? T? ??. ??? ??? ? . ?????? ,   N... -( ? ??? . eo r ? . Boh ???? ??? - ,? , ?"
37,BHARAT GEN/420.pdf,BHARAT GEN\420.pdf,"?? Uof. . S m. ?????? ' . .-. ??????? ?????? ?????????? ????? ? ??????? ??? ??? ? ??? : Ho'y/an ????????? Ah..? - - . Ilkky  sheD ????? ??? - Ihiie. Ipoih w m h. ?????????? Ahey- ??????? -Jytels hA ??? e? Ih.... l! Iatkllel$- Le th-le. - / I? - ? /   A R.h, i . Ahsw. -l? ? Aiut kl.. 6Ia a - ?9 ? Pikot? ( ? - , G . A? ? ?"
38,BHARAT GEN/445.pdf,BHARAT GEN\445.pdf,"??? . .. ???? ?? ????? l. ?????? ?????????? ????? ?????? . Jolle ???? ? . ??? - ? - ??? , , ? ?? ????? ??????? ?????????? , ?  o- ???? ????????? ? ????? ?- ?? Nes. ??? ? ? ? ??? . -? ??? ?, . ?? . ? ??? ? ?. ??   . ????? ,  . ???? ?????????? ?? ???? Malg hi. .oucsih-? ????? Whe. ? . ????????? ??????? ??? , l . - ???? ???? ??? ."
39,BHARAT GEN/453.pdf,BHARAT GEN\453.pdf,"?????? ???? . ????? ?????? ?????????? Ekple ? ?, ??????? Dojike. ??? ??? ???????? . Y-s ???? Mr . ????? ?? ????? ????????? . ?????????? ???????? ????? ??????? ???? Be yu ???? ?????? War ipy? . w ????? ???????? ???? ????? ???? ??? . . . ?. ???? ????? .   ?????? ???? ???? ????? ??? ?????? ?? . ????? ???????? - - ???? ???? . ? ???? ???????? ??? , ??? ?????? ???? . ? , ? h. ?????? ?????? ,- ????? , - ?????? ??????? ---. - 2 S- ???? ?? . ???? ? ??? ??? ??"
40,BHARAT GEN/465.pdf,BHARAT GEN\465.pdf,"?????? n. . .  ??????? ???????????? ?????? I' thlehd. ????? ?????? ??? . / .h  ?? N. ? ?? ?? -? ? ?? . ?????? ?? '- k ? . , . ?????? ??? . ????? . ???? , ? ?????? ????????? elk. W??? ? ? ?? Cli ee. -? ? ???? ??? l I ???? N s- ?   ?? ???? -k. ????? ??? - ??? ???"
41,BHARAT GEN/470.pdf,BHARAT GEN\470.pdf,I.il.. ?????? ??? . . ???? ?????????? ???? ??? ????? ????? ?????? ??? ??? - ?? . . n Mhs. / Ist w. Je  - ..ye thas   - - - . - . . e - / . /ue lh y'.  h. ? ???
42,BHARAT GEN/482.pdf,BHARAT GEN\482.pdf,"+..,0 ?????? ?????? ?????? ???? lojlhke Ikl ba ??????? Iklse? Hale ?????  / -   -( Elall. ht Alke. ???? - -"
43,BHARAT GEN/483.pdf,BHARAT GEN\483.pdf,"+..,0 ?????? ?????? ?????? ???? lojlhke Ikl ba ??????? Iklse? Hale ?????  / -   -( Elall. ht Alke. ???? - -"
44,BHARAT GEN/489.pdf,BHARAT GEN\489.pdf,"?????? .. ??? ??????? Eelk i ????? ??????? ?? ?. ??? ???? ??. $../// ???? / ???? Yeo / Thu eli/e..  /   / ????  . y / Iae'+e - - I' fwe B? fuak! - ( Iek Alle. - ? - Hh? Isleee. - Oh,-hhet   ? ???? ? W"
45,BHARAT GEN/50-1 Sale Deed of 8806-2024 Dated 17-12-2024.pdf,BHARAT GEN\50-1 Sale Deed of 8806-2024 Dated 17-12-2024.pdf,
46,"BHARAT GEN/50-2, Bhilavle Khalapur 1986-2022.pdf","BHARAT GEN\50-2, Bhilavle Khalapur 1986-2022.pdf",
47,BHARAT GEN/506.pdf,BHARAT GEN\506.pdf,"????? ??????? ?????????? ??? ????? . ???? ???? . ???????? /? WyI  gyoy. k Ghlel? ??  ynd. Nnl, wotsy Pyeyw? ???? P Ys'"
48,BHARAT GEN/52-1A old 7-12 1995-2008.pdf,BHARAT GEN\52-1A old 7-12 1995-2008.pdf,
49,"BHARAT GEN/52-2, Bhilavle Khalapur  1986- 2022.pdf","BHARAT GEN\52-2, Bhilavle Khalapur  1986- 2022.pdf",
50,BHARAT GEN/549.pdf,BHARAT GEN\549.pdf,"?e ??? . . H, V. Bat. ?????? ??? ?????? Ho/h? ????????? ?????? ??? ?? ? y- Axylehy lee w J ? ??????? ?? S-N - ???? - ???????????? Gb ke. ???? ??? ? ???? . ????? ????????????? ???? ? e -- . Hlakel+b boheelf ????? -- - ??? ++/$+ p+?"
51,BHARAT GEN/553.pdf,BHARAT GEN\553.pdf,"?????? ??? .. ?/? Hs, i. Si. ????? ?????? Yohh!? ????????? Ilolke iak bh ?????? ????. ?? ??? ????. ???????? y ? ??????? - ??? ???? ????? Isko . i ? I ????????????????? . . N s ?? Eatike? D h ? hb / Eig. Helelt le. I given. ? ."
52,BHARAT GEN/599.pdf,BHARAT GEN\599.pdf,? ??? . K? ??????? ??????????? Kah? ????????? Loyie Ikl kh? ????? Ihlee? ??? ?  ? . / -? - 2  Ih-- /?   . ?? / / Ptet. yitr. ? ??????? Yeh. -/ ?? / - . ? - . Bib Inia. ?? Trige Lsl /? . o / ???  ky- Lealk- Yer Euey ? A'y - . izh. ???????? ? Y? Arll. ? ?? sie gle. HWh ??? ? Eelde tkalta? ????? $' b gih. Y? h ho xiethe. ?????? Lul. ????????? Nuetk
53,BHARAT GEN/686.pdf,BHARAT GEN\686.pdf,"?? 'K 2 -ilk i ?????? ..-13. I.V.8m. ???? ???? ????? In yuke Ib?/ ????? ????? ???????? ????? Ahi/ ?????? Whsa. ???? Lel?!? ?????? ?? Phiai. Woklb. Iflkelibryie ?????? Iket ????????? ??????? ????? ??????? ??? ???? ?????? YAAW? /? - ? y Ges. /-/ ?-- Is katns... -- Eiy+at + Igy+. Iiggn. - ?  ? h- ? ..Mn a. ????? Wyw - Lluh lre-- - / / ? - - ?? Lke wei - Yhhl5. ?  -/e. Ymy .......s .... - IA-h --',, /--"
54,BHARAT GEN/721.pdf,BHARAT GEN\721.pdf,??????? ??? ?????? ????? Alish yie ????? ??????? ???? ???? ????????? ??? ??? / l. Ile / Iet?!! ?????? ??? Ehlsis. Wotlk. ?????? Thsek ??? Wallye ih le. ??????? ????? yAaielle ???? ????? 2 - Phalh Hah. ? ??????? ...J.... Gs kgGIoc ? ?????? s k  - k ? ms. .?   .    ? ???????? . Wo  koes welyue ? ????? ??? ? - Wek ruaeys. W? ??? - - -
55,BHARAT GEN/724.pdf,BHARAT GEN\724.pdf,"yeh  ???? ?????? Thyie Ia!! ??? ???? ???????? ??? ????? ???? ell. I ? / Ikl!! Htlo?y ?????? Ehht. Wob. Ihlhaltahye. ?????? Iek ???????? ??? Wlhkelle. ???????? ?????? ?????? ? - Hsy  - , Y? eyw - ...ye t. - ? -   / / ? . - S Lelg Kyy ayoe ??? Isizs."
56,BHARAT GEN/90.pdf,BHARAT GEN\90.pdf,", . / ?????? ls mh ??????? ?????????? ?????? Wf le tkk th ?????? Hi'e? ????, . ????? WH PIVSE"
57,BHARAT GEN/916.pdf,BHARAT GEN\916.pdf,"?? 'H 2 llr it R. V. 8 m. / ( ?????? ??? ?? ?????? Ahan Hhls. hrjie Aleisjie lollka ????????? ??????? Goke PPhJh ??, Whhy ElPlh I kll. Obn is  Thha? ????? Ihlae Elalkkyhe WhJh ?????? Iikas Ehlk is. Yoblk. lkIhb'e ???????? W'llsb/he. ????? ?????? ????? ??? ???? - Waas -/ - ?? ?? - Lohk t / ?????? - - Yas. ????,?? ???? D tins - ?????? ?????? M ???? ?????????? ??????? ?? ?????? ? ?? ??? ?? Pe iel ses? ??? ???? i   / ? ? Sl/? ???? ?? , ??? -"
58,BHARAT GEN/98.pdf,BHARAT GEN\98.pdf,???? ?????? . . . ??????? P??e l?' ?????????? Hylie ?he hi ??????? Thls? ???? ??????? ??? ????? -- - - / Lkaze bhil ????????? ??? . - ?/ ????? - s -? h- Whllal9/bL  -- -  -- PlblLo seEP -- ??. ??????????
59,BHARAT GEN/Accessment List Form 8 -23-34 House No 4.jpeg,BHARAT GEN\Accessment List Form 8 -23-34 House No 4.jpeg,
60,BHARAT GEN/Accessment List Form 8 -23-34.jpeg,BHARAT GEN\Accessment List Form 8 -23-34.jpeg,
61,"BHARAT GEN/Addl Collct. Order RTS No. 5-2005, Dated 06-05-2005.pdf","BHARAT GEN\Addl Collct. Order RTS No. 5-2005, Dated 06-05-2005.pdf",
62,BHARAT GEN/Bhilavale Property Documents.docx,BHARAT GEN\Bhilavale Property Documents.docx,
63,BHARAT GEN/BHILVALE SEARCH REPORT 52.1.A.2.pdf,BHARAT GEN\BHILVALE SEARCH REPORT 52.1.A.2.pdf,
64,BHARAT GEN/Gift Deed Sr No 1432-2007 Dated 28-02-2007.pdf,BHARAT GEN\Gift Deed Sr No 1432-2007 Dated 28-02-2007.pdf,
65,BHARAT GEN/Sale Deed SR NO 8810-2024 Dated 17-12-2024.pdf,BHARAT GEN\Sale Deed SR NO 8810-2024 Dated 17-12-2024.pdf,
66,BHARAT GEN/Section 43 - 153-2007 - Dated 15-02-2007.pdf,BHARAT GEN\Section 43 - 153-2007 - Dated 15-02-2007.pdf,
67,BHARAT GEN/Tahasildar Order - KT-4-471-2005 dated 24-05-2005.jpeg,BHARAT GEN\Tahasildar Order - KT-4-471-2005 dated 24-05-2005.jpeg,
68,BHARAT GEN/Tahsildar Order - 69-99 Dated 08-07-2005.pdf,BHARAT GEN\Tahsildar Order - 69-99 Dated 08-07-2005.pdf,
69,BHARAT GEN/Tahsildar Order 98- Hakkanond-13055- Khalapur Dated 10-11-1998.jpeg,BHARAT GEN\Tahsildar Order 98- Hakkanond-13055- Khalapur Dated 10-11-1998.jpeg,
70,BHARAT GEN/Tax Payment Receipt 23-24 House No 24.jpeg,BHARAT GEN\Tax Payment Receipt 23-24 House No 24.jpeg,
71,BHARAT GEN/Tax Payment Receipt 23-24.jpeg,BHARAT GEN\Tax Payment Receipt 23-24.jpeg,
72,"BHARAT GEN/Zone Certificate Bhilavle 37,49, 50, 52, 68.pdf","BHARAT GEN\Zone Certificate Bhilavle 37,49, 50, 52, 68.pdf",
73,BHARAT GEN/??????_2079  ??????.pdf,BHARAT GEN\??????_2079  ??????.pdf,"H 2 lir K. R. V.8 m. ! ?????? ?????? ??? ????????? ???????? Aphy Olkryh. BkJe ? ( ??????? ????? ?? ??? ? Eelle kelldtyh ????? ???????? - ??????? Ihee'k ???ye ??? ??????? ??? ?????? ? ???? ???????? ???? ????? -- ???? ? ????? ??? ? ????? Lhare ?lh / ?????? ????? ? ?? lle/. ??? Ok ? / ??? Aren Lar. - Pymet-  - A- / ??? - ?h????? ?- - ? Cwe-- Delb?e -? ? -3, ? ?e y o? /? /? -? - ??? Wis."
74,BHARAT GEN/??????_2088 ??????.pdf,BHARAT GEN\??????_2088 ??????.pdf,"H2 iI 'I R. V.8 m. ?????? ?????? ??? ?????? ????? ????????? Tuke pPhy! ???? ????? , ??????? ? ?????? ????? ? ??? ????? ?????? ?????? ?????? Ehihi. Jok lk. Thik-lhBJe. Ih!?! ?????? Ihek ? Iflhkjh? ????? I kalelle ? ???? Hhisis. // - Rusiseee - ? I'nlet. ??? I'le?.. ???? ???? ??? S?h. eyry. - ?? . ? $72y/ op-e/ ? / ??? e  I,k. ? ? K?rk Lle. /9e? / ????????? eI . 2? + k8 / ++B ??? . -? ??? Eslsha ??? :?? ?? ???? ?e ? /93 ??? ? . ? I fssnc? yess ?????? ????? ? - -? - . - ? ??? ? ? e. - ? ????? / ?"
75,BHARAT GEN/??????_2212_ ??????.pdf,BHARAT GEN\??????_2212_ ??????.pdf,"A ?lh  R. V.8 uu. ?????? ei ong ?????? , ???????? ??????? ??????? ????? Elub. ?? ???? ? ????? Hhy ?/ ?????? Aoe ?? ??????? I khihh I. ???????? ?????? Theeh helhh. ?????????? ????????? u120-? Yuhigs otIs a b Ikas e '/ ???????? Bty, lcarf- ???????? ???????? e? Yo ? ?????? ?????? . Kia kk eyhre. - ????? ?? yg , - ???  lainth ????? Leahlwei/ ??? ? ? // ?? k-? H legn Ite ??? 2- / Bolz ???? ?????????? l? Lilk.? hasre. -? - -h / Khvene ???? Wrel? ??? ay? ??? - Yen ? IPpih - Ahuale ????? - ??? -/ ??? ???? -( Euey h? Yeey ? ??? - ????? . ???? - ?? ???? ????? -( / ?? I? ? eik? Fa Isale? ???? ???????? uk "
76,BHARAT GEN/??????_2216 ??????.pdf,BHARAT GEN\??????_2216 ??????.pdf,"H2 1k h. R, V.8 m. ?????????? ?/ ?????? ???? ?????? ???? ???? Tayitka ???????? ?????? ??????????? , ????? ????? ????? / Wlha?/h ? ?????? ????? ????????? ????? I ae? Ee/hklle. ???????? ????? ??????? ???? ????? - ? 2 ?? ? ?? ?? ? ???? ????? ????? ?  h? . . ??? ???? ???? ???? ??????? - (/ ??? ???? Y-a? ????? ? ???????? Ime ebu ????? -?? Ouselur? ? ? Eaiee ?????? ????? Irlri? - ? ????? - l. ??? ???? ? ? ??? ? Sle. ? ? / ?- ???? Hlkais ????? ???? ????? ?????? ? ? ?????????"
77,BHARAT GEN/??????_2222 ??????.pdf,BHARAT GEN\??????_2222 ??????.pdf,"H.2 1l 'It. R.V. Sm. ?????????? ?????? ??? ????? ????? ???????? ????? ??? ???????? ??? ?????????????  ? ???? Fowhs. ?? ? ?????? ??????? ????? ?????? ?? ????????? Ihw/h? ???? I...Lalkll ???? ?????? , s' 212-5 ?. - / ? ?2 - / ???? ???? / ? ?eh / ??? ????? ????? - . ( Als ? ??? A . ? ? - ? 3 H ????? - ??? ??? 02? Ahlk arjg- ????? ???? ?? ?? ? hlh? ( ??? ????? ? ????? De'- . ??? ??? H? ?????? ? ? Th? ?????? I Iue Bhu? ???? . / ?h! - . ????? ?????? ? . ? "
78,BHARAT GEN/??????_2225 ??????.pdf,BHARAT GEN\??????_2225 ??????.pdf,H ?il 'i. R.V. 8 m. ?????????? ?????? ?????? ? ?? ??????? ????? ???? ??? ???????? ?????? Toke piphayfs t . ????? ??? - ??? ??? / . ? ?????? ????? ?????? ????? Telhlshijie ????? I eel. EI'kri. ??????? ??????? ??? ??? ? I- - ? 22? ????? H? / - ????? ????? ???? Iolalae is! - ???? ?????? Py. Ikor? ? ?? ? - ???? ???????? ????? - !? ???? Dkhik ?. ???? ? . ???? ?????? ? - ?? / . ??? ????? ???. ????????? ?? ? Yyb! ????? -?? 2( ??? ? -   ??? ?? / - ?? // ??? ?? ??? ?? ????? ????? ????? ? - ? ??? ?He. ? my ????? ???????? ?. Ji. ???????????
79,BHARAT GEN/??????_2257 ??????.pdf,BHARAT GEN\??????_2257 ??????.pdf,"'h 2 llhy 'I. R. V. 8 m. ! ?????? ?????? CEh ?? ???????? ????? ??????? ??? Ieaball loJle ????????? Qobe plphaje (( ??? AJeEIR Ihrsee. / Il. hiinJh ?????? Klalkkjh ?????? Ehlhi. ?????????????? ???? Jehtkjhe ????  Iey tiiele. ???? ? Y ??? 2$ G/- - Juz2-P /? 2/ ????? - ' ??? /? Ahl? Jel/P? I+? - h is // ????? ?? ??????  ha. ???? -2- ? Sile l -- Yomyw. Pelh I! ( . /. ? ???????? ?????? ?????? ??? ????? ???? ?? /- ???? 2 Wy? ?????? Guley/h. . ???? ?? ? ( - ?? Kid Isa. - Jeap ? ?? ? ????? . , Pele! k Ifehh - -yew. r- H.."
80,BHARAT GEN/??????_2346 ??????.pdf,BHARAT GEN\??????_2346 ??????.pdf,"R. ?????????? ?????? ??? Ijs. ?????? Ikeabalk injy. ??? ???????????? , Yoh ihly kiyit. ??? ???? Illeal.f... ?????? ?????? Hnslk. Hlle IeBJk. ?????? ??????? ???? ???????? Ikh/he ????? I?- kelalle ??? ????? ???? Seo cla les ????? ' ???? / Al- 9tele -hh? ?? ??? , ?  - ? - I. z ??? ??? // ehre. /-   / k? he. Ich h. J?+ yle ? -- ?????  ? - ?? . ???? / hske- 20ek. ( ?? 2a r - ?i? (. ia ??? ???? ?????? ??? -lay Aha, i ??? ???? - ????? ???? . ????? ????????"
81,BHARAT GEN/??????_2567 ??????.pdf,BHARAT GEN\??????_2567 ??????.pdf,"H? 'llr.' ???? ?????? ?? R. V. 8 m. ??? ????? ?????? ????? ??? ??????? ???? ???? ???????? Cob? ???, 9?/? ???? ? - ?????? ????? ?? Iklp- ?????? ?????? ??????? ?????? I?????? ???????? ???????? Illtk/he ????? lalalle I?y ???? ???   - Do..py. ???? O?????? .. ????????? thje? g? eole ?????? - I ??????? ???? Jiy'L. Pll kysyt! Riwgbf? Pp$! hy - ???? . I- /- ????? ??? / ? / koulnhes /- Gsy. . Ielo h. ?? ?????? ????????? ??? ? k /? / Eil? ??????? ??? glh. ? nh. ? - ??"
82,BHARAT GEN/??????_2697__??????.pdf,BHARAT GEN\??????_2697__??????.pdf,
83,BHARAT GEN/??????_3026__??????.pdf,BHARAT GEN\??????_3026__??????.pdf,
84,BHARAT GEN/??????_3030__??????.pdf,BHARAT GEN\??????_3030__??????.pdf,
85,BHARAT GEN/??????_502 ?????? 52-1-B.pdf,BHARAT GEN\??????_502 ?????? 52-1-B.pdf,"??? R. Y.e m? ???? Yek.h . . ???? ?????? Halh? ?????????? Ihk hh Lia la? ?. 'dle. ??? ?? ??? ??? ???? Ywe? ??? /( ???? ????? tawry ys vygy mn  Sr....slks. He, y ykakl. ???? . ????? ??? ???????? ? k ?? .. . ????? ??? Ii oie lek? y , . ?? . ?? ?????? , ???? I lixle. - - /"
86,BHARAT GEN/??????_50_1_Satbara.pdf,BHARAT GEN\??????_50_1_Satbara.pdf,
87,BHARAT GEN/??????_52_1_?_2._Satbara.pdf,BHARAT GEN\??????_52_1_?_2._Satbara.pdf,
88,BHARAT GEN/??????_555_??????.pdf,BHARAT GEN\??????_555_??????.pdf,"??? ????? ??? . ?. / Y.. yh O ml. ????? ????? ?????????? ?????? ???? ???????? ??? I ??? . ??????? . I  - . . . ???? - Jodih allk. Thathibls. i e. . - - +++  -- ?? /o - ? I / ? / Aie ivsiy- ! - - B.sll. - - - Rylkshek yi , ????? ???  ??? -- ???? ? ."
89,BHARAT GEN/??????_925__??-?.pdf,BHARAT GEN\??????_925__??-?.pdf,"EHl5 la?H : hb - PIe IEHL bIll. -?? ??????????? -02-202 6!J loak h/ 8!! ?????????????? IKh pplhb-- ?????? HI :bll. ??????? ?hl? ????????? ?????????????????????????????????? ?? :??9G o ?/-? FPb ??????? ????? ??.???? bIH EhIH. ??? PIN9 ???? IItb/ha b ????? EK hh p  KK bIab?h ??????? I? ? HEJG ha ?  b/ ll/? ?.? 'h 'IH ?????? ???? ? . ?????? ?????? U''ale'? ??.??.??.?? '''? ?? ?? ?? ?/ ?? ?? ? ///? 0.0900 0ooo'? 0.0900 3?3'8 ?' ? 3? ???? 0.09900 0,000? 0.9900 '( 3?3'? ?8'? ?.?? ????-??? ??????.3? ???? Wloale b8 E8 hh 1$bl9 ???????? ??????? ???????????? '81 19 Pb 12 /0 / ?? ??????? ?? 90:9:8? AM ???? I ???? /02/202/ IIH AhP .1/? bIh gHH12 Bellol ???-??????? ???????????. -? ???? ???.:-02-202 ??6:99:09:89 AM. Pbk 18 805389006000080 IHo9ID?h ? htps I digitalsatbara.mahabhumi.gov .in/dslrl IIAIhD L9b"
